videoId,title,channelTitle,publishedAt,description,searchTerm,thumbnail,duration,viewCount,likeCount,commentCount
zu8QU0vKFtM,Tokyo dialect VS Okinawa dialect! #shorts,Mochi Real Japanese,2023-11-30T11:43:31Z,,Uchinaguchi lesson,https://i.ytimg.com/vi/zu8QU0vKFtM/hqdefault.jpg,PT19S,47552,1856,60
7-L8Jq49LtU,My Okinawa Language /Uchinaguchi Lesson â‘  in English ğŸŒŸè‹±èªã§å­¦ã¶æ²–ç¸„æ–¹è¨€ã€ã†ã¡ãªãƒ¼ãã¡â‘ ,MyOkinawaStory â­ï¸æˆ‘çš„æ²–ç¸„ç‰©èª,2020-06-16T08:19:25Z,"Let's Speak Okinawan /Uchinaguchi â—ï¸If you speak a little of Okinawan Language during your trip to Okinawa, Okinawans will ...",Uchinaguchi lesson,https://i.ytimg.com/vi/7-L8Jq49LtU/hqdefault.jpg,PT5M35S,929,55,5
kigGuWNigjo,My Okinawa language/Uchinaguchi lesson in Chinese â‘  ä¸­å›½èªã§å­¦ã¶æ²–ç¸„æ–¹è¨€/ã†ã¡ãªãƒ¼ãã¡â‘ ã€ multi-language Challenge,MyOkinawaStory â­ï¸æˆ‘çš„æ²–ç¸„ç‰©èª,2020-06-24T08:45:00Z,æ²–ç¸„æ–¹è¨€ã‚’è©±ãã†ï¼Let's speak Okinawan ! Let's Discover Okinawa with us / My Okinawa Story âœ¨Pls SUBSCRIBE My channel ...,Uchinaguchi lesson,https://i.ytimg.com/vi/kigGuWNigjo/hqdefault.jpg,PT4M16S,205,4,0
w0yTJyNOfCw,Uchinaguchi/Okinawan language Lesson 7 è‹±èªã§å­¦ã¶æ²–ç¸„æ–¹è¨€ï¼— TOP3 Okinawan Words for LOVE.,MyOkinawaStory â­ï¸æˆ‘çš„æ²–ç¸„ç‰©èª,2021-07-16T23:30:02Z,Let's speak Okinawa language /Uchinaguchi in English è‹±èªã§å­¦ã¶æ²–ç¸„æ–¹è¨€ã†ã¡ãªãƒ¼ãã¡ æ²–ç¸„ã‚¹ãƒˆãƒ¼ãƒªãƒ¼ Let's Discover Okinawa ...,Uchinaguchi lesson,https://i.ytimg.com/vi/w0yTJyNOfCw/hqdefault.jpg,PT5M11S,278,16,0
zZxMq4jxSi4,Uchinaguchi Lesson Vol.10  &quot;Ho (Po)&quot;,OkinaWanderer,2023-02-01T01:30:20Z,"Let's learn Uchinaguchi starting ""Ho (Po)"" Please subscribe to the OkiWan YouTube Channel! Donation for OkiWan Tour ...",Uchinaguchi lesson,https://i.ytimg.com/vi/zZxMq4jxSi4/hqdefault.jpg,PT13M17S,81,5,2
VNAuYIz1X2Y,Beginner English Lesson | Okinawan Dances,TESOLCREATIONS,2021-09-10T22:14:17Z,English Communication lesson https://www.tesolcreations.com Create animation videos using Animaker ...,Uchinaguchi lesson,https://i.ytimg.com/vi/VNAuYIz1X2Y/hqdefault.jpg,PT1M29S,39,0,0
KVQmwVtfblY,Uchinaguchi Lesson Vol.6 &quot;Ha&quot;,OkinaWanderer,2023-01-19T01:30:07Z,"Let's learn Uchinaguchi starting ""Ha"" Please subscribe to the OkiWan YouTube Channel! Donation for OkiWan Tour ...",Uchinaguchi lesson,https://i.ytimg.com/vi/KVQmwVtfblY/hqdefault.jpg,PT9M25S,69,8,0
EMO-fU6WENo,Uchinaguchi Lesson Vol.8  &quot;Fu&quot;,OkinaWanderer,2023-01-30T01:30:03Z,"Let's learn Uchinaguchi starting ""Fu"" Please subscribe to the OkiWan YouTube Channel! Donation for OkiWan Tour ...",Uchinaguchi lesson,https://i.ytimg.com/vi/EMO-fU6WENo/hqdefault.jpg,PT9M8S,55,3,0
_bH5GtdfwPA,Secrets of Longevity: Lessons from Okinawan Centenarians,Vitality Again,2025-05-23T08:40:01Z,Explore the secrets to a long and fulfilling life by examining the lifestyles of Okinawan centenarians. We delve into their habits and ...,Uchinaguchi lesson,https://i.ytimg.com/vi/_bH5GtdfwPA/hqdefault.jpg,PT34S,5,0,0
yrPPKLocWlw,æ˜æ—¥ä½¿ãˆã‚‹ï¼æ²–ç¸„æ–¹è¨€è¬›åº§â‘¡,å—ã®å³¶ã®ãŠã°ãƒ¼ã¨å­«,2019-09-21T06:00:19Z,ç¬¬1æ®µãŒå¥½è©•ã ã£ãŸã®ã§ãŠã°ãƒ¼ãŒæœ€åˆé©šã„ã¦ã„ã¾ã™ã€‚ ã€LINEã‚¹ã‚¿ãƒ³ãƒ—ç™ºå£²ä¸­ã€‘ ãŠã°ãƒ¼ã®æ—¥å¸¸ä½¿ãˆã‚‹LINEã‚¹ã‚¿ãƒ³ãƒ—ç¬¬ä¸€å¼¾ç™ºå£²ä¸­ã§ã™ ...,Uchinaguchi lesson,https://i.ytimg.com/vi/yrPPKLocWlw/hqdefault.jpg,PT49S,192822,7437,127
WHut8ZvfHgE,"My Okinawa language/Uchinaguchi Lesson â‘¡ in VIETNAMESE. ã€Œãƒ™ãƒˆãƒŠãƒ èªã§å­¦ã¶æ²–ç¸„æ–¹è¨€ã€ã†ã¡ãªãƒ¼ãã¡â‘¡ã€Okinawa Story, æ²–ç¸„ã‚¹ãƒˆãƒ¼ãƒªãƒ¼",MyOkinawaStory â­ï¸æˆ‘çš„æ²–ç¸„ç‰©èª,2020-08-05T02:00:02Z,Let's speak Okinawa language /Uchinaguchi in Vietnamese ãƒ™ãƒˆãƒŠãƒ èªã§å­¦ã¶æ²–ç¸„æ–¹è¨€ã†ã¡ãªãƒ¼ãã¡ æ²–ç¸„ã‚¹ãƒˆãƒ¼ãƒªãƒ¼ Let's ...,Uchinaguchi lesson,https://i.ytimg.com/vi/WHut8ZvfHgE/hqdefault.jpg,PT4M11S,117,5,2
38_Mff7ymJM,Uchinaguchi Lesson Vol.7  &quot;Hi&quot;,OkinaWanderer,2023-01-23T01:30:02Z,"Let's learn Uchinaguchi starting ""Hi"" Please subscribe to the OkiWan YouTube Channel! Donation for OkiWan Tour ...",Uchinaguchi lesson,https://i.ytimg.com/vi/38_Mff7ymJM/hqdefault.jpg,PT10M17S,65,5,0
MOpp_woMuds,"My Okinawa language/Uchinaguchi Lesson ï¼“ in English. ã€Œè‹±èªã§å­¦ã¶æ²–ç¸„æ–¹è¨€ã€ã†ã¡ãªãƒ¼ãã¡ï¼“ã€Okinawa Story, æ²–ç¸„ã‚¹ãƒˆãƒ¼ãƒªãƒ¼",MyOkinawaStory â­ï¸æˆ‘çš„æ²–ç¸„ç‰©èª,2020-08-21T23:30:01Z,Let's speak Okinawa language /Uchinaguchi in English è‹±èªã§å­¦ã¶æ²–ç¸„æ–¹è¨€ã†ã¡ãªãƒ¼ãã¡ æ²–ç¸„ã‚¹ãƒˆãƒ¼ãƒªãƒ¼ Let's Discover Okinawa ...,Uchinaguchi lesson,https://i.ytimg.com/vi/MOpp_woMuds/hqdefault.jpg,PT3M25S,534,27,4
bcdaVJ9exEE,"å­¦å†²ç»³è¯­ç¬¬2è¯¾ My Okinawa language/Uchinaguchi Lesson â‘¡ Chinese. ã€Œä¸­å›½èªã§å­¦ã¶æ²–ç¸„æ–¹è¨€ã€ã†ã¡ãªãƒ¼ãã¡â‘¡ã€Okinawa Story, æ²–ç¸„ã‚¹ãƒˆãƒ¼ãƒªãƒ¼",MyOkinawaStory â­ï¸æˆ‘çš„æ²–ç¸„ç‰©èª,2020-07-29T07:49:07Z,Let's speak Okinawa language /Uchinaguchi æ²–ç¸„æ–¹è¨€ã†ã¡ãªãƒ¼ãã¡ã‚’è©±ãã†ï¼æ²–ç¸„ã‚¹ãƒˆãƒ¼ãƒªãƒ¼ Let's Discover Okinawa with us ...,Uchinaguchi lesson,https://i.ytimg.com/vi/bcdaVJ9exEE/hqdefault.jpg,PT4M13S,224,7,0
Q8EFTK1WJxQ,"My Okinawa language/Uchinaguchi Lesson â‘¡ in English. ã€Œè‹±èªã§å­¦ã¶æ²–ç¸„æ–¹è¨€ã€ã†ã¡ãªãƒ¼ãã¡â‘¡ã€Okinawa Story, æ²–ç¸„ã‚¹ãƒˆãƒ¼ãƒªãƒ¼",MyOkinawaStory â­ï¸æˆ‘çš„æ²–ç¸„ç‰©èª,2020-07-25T05:00:04Z,Let's speak Okinawa language /Uchinaguchi æ²–ç¸„æ–¹è¨€ã†ã¡ãªãƒ¼ãã¡ã‚’è©±ãã†ï¼æ²–ç¸„ã‚¹ãƒˆãƒ¼ãƒªãƒ¼ Let's Discover Okinawa with us ...,Uchinaguchi lesson,https://i.ytimg.com/vi/Q8EFTK1WJxQ/hqdefault.jpg,PT3M47S,426,22,0
UUy744ydKyE,Lesson 1 - Hello in Uchinaaguchi,Brandon Ing - Topic,2022-11-25T22:57:33Z,Provided to YouTube by CDBaby Lesson 1 - Hello in Uchinaaguchi Â· Brandon Ing Let's Sing Uchinaaguchi! â„— 2020 Brandon Ing ...,Uchinaguchi lesson,https://i.ytimg.com/vi/UUy744ydKyE/hqdefault.jpg,PT2M2S,310,6,0
nwk8o_r00MA,Let&#39;s sing Uchinaaguchi! Lesson 1,Let's Sing Uchinaaguchi,2012-01-26T22:21:01Z,"Lesson 1 Chuu uganabira is the way that we say ""Hello"" in Uchinaaguchi Chuu uganabira is the way that we say ""Hello"" in ...",Uchinaguchi lesson,https://i.ytimg.com/vi/nwk8o_r00MA/hqdefault.jpg,PT2M2S,32797,448,20
lrx7-tv9h-c,Let&#39;s sing Uchinaaguchi! Lesson 2,Let's Sing Uchinaaguchi,2012-03-30T05:55:15Z,Lesson 2 goes over a very basic way to introduce yourself in Uchinaaguchi (name and where you're from). For the purpose of ...,Uchinaguchi lesson,https://i.ytimg.com/vi/lrx7-tv9h-c/hqdefault.jpg,PT2M27S,26494,323,15
4TcSgXtto94,Let&#39;s sing Uchinaaguchi! Lesson 1 (LIVE @Jikoen),Let's Sing Uchinaaguchi,2016-04-14T05:50:18Z,"Lesson 1 performed live in Honolulu, HawaiÊ»i with choreographed dancing. At the Young Okinawans of HawaiÊ»i's shinnenkai ...",Uchinaguchi lesson,https://i.ytimg.com/vi/4TcSgXtto94/hqdefault.jpg,PT1M44S,1589,41,2
smDshRoJeuo,JICC Mini Lesson - Japanese Dialects  Okinawan,"JICC: Japan Information & Culture Center, Embassy of Japan",2020-06-01T20:25:36Z,,Uchinaguchi lesson,https://i.ytimg.com/vi/smDshRoJeuo/hqdefault.jpg,PT4M50S,863,19,0
cA8MOHPtnQ8,Uchinaguchi Lesson Vol.9 ã€ã»ï¼ˆã½ï¼‰ã€,ãƒœã‚¹ã‚¤ã‚±ãƒãƒ£ãƒ³ãƒãƒ«,2023-02-01T01:30:22Z,ã†ã¡ãªãƒ¼ãã¡ãƒ¬ãƒƒã‚¹ãƒ³ Vol.9 ã€ã»ã€ ã€ã»ï¼ˆã½ï¼‰ã€ã‹ã‚‰å§‹ã¾ã‚‹ãƒ•ãƒ¬ãƒ¼ã‚ºã§ã†ã¡ãªãƒ¼ãã¡ãƒ¬ãƒƒã‚¹ãƒ³ï¼ ãƒãƒ£ãƒ³ãƒãƒ«ç™»éŒ²ã‚‚ã‚£ãƒ¨ãƒ­ã‚·ã‚¯ï¼,Uchinaguchi lesson,https://i.ytimg.com/vi/cA8MOHPtnQ8/hqdefault.jpg,PT13M17S,29,4,4
BUKVd1Ba5S8,Standard Japanese VS Okinawa Japanese,Sprixentrix,2023-02-28T07:21:36Z,,Uchinaguchi lesson,https://i.ytimg.com/vi/BUKVd1Ba5S8/hqdefault.jpg,PT27S,2209,68,5
rKXy2r0cD1s,Uchinaaguchi (Okinawan Language) mini lesson,Koutaro Yuuji,2020-11-01T23:44:13Z,Uchinaaguchi (Okinawan language) Uchinaaguchi is the language spoken in Uchinaa (Okinawa) island and recognized as ...,Uchinaguchi lesson,https://i.ytimg.com/vi/rKXy2r0cD1s/hqdefault.jpg,PT20M9S,3032,103,14
9ljUdn0KpH0,"My Okinawa language/Uchinaguchi Lesson â‘¡ in Malay. ã€Œãƒãƒ¬ãƒ¼èªã§å­¦ã¶æ²–ç¸„æ–¹è¨€ã€ã†ã¡ãªãƒ¼ãã¡â‘¡ã€Okinawa Story, æ²–ç¸„ã‚¹ãƒˆãƒ¼ãƒªãƒ¼",MyOkinawaStory â­ï¸æˆ‘çš„æ²–ç¸„ç‰©èª,2020-08-11T02:00:02Z,Let's speak Okinawa language /Uchinaguchi in Malay ãƒãƒ¬ãƒ¼èªã§å­¦ã¶æ²–ç¸„æ–¹è¨€ã†ã¡ãªãƒ¼ãã¡ æ²–ç¸„ã‚¹ãƒˆãƒ¼ãƒªãƒ¼ Let's Discover ...,Uchinaguchi lesson,https://i.ytimg.com/vi/9ljUdn0KpH0/hqdefault.jpg,PT4M22S,757,41,7
Tac107CQqJ4,Lesson 14-2 Let&#39;s Learn Okinawa Dialect!,Grace Yuu Asakura,2016-01-29T07:38:18Z,I thought Osaka dialect was so different from the standard Japanese... but I was wrong! Okinawa has such a unique dialect.,Uchinaguchi lesson,https://i.ytimg.com/vi/Tac107CQqJ4/hqdefault.jpg,PT9M16S,10244,238,29
66wNMcUDdC4,Uchinaguchi Lesson Vol.6 ã€ã¯ã€,ãƒœã‚¹ã‚¤ã‚±ãƒãƒ£ãƒ³ãƒãƒ«,2023-01-19T01:30:01Z,ã†ã¡ãªãƒ¼ãã¡ãƒ¬ãƒƒã‚¹ãƒ³ Vol.6 ã€ã¯ã€ ã“ã‚Œã‹ã‚‰ã¯ä¸€æ–‡å­—ã¥ã¤åˆ†ã‘ã¦ã‚¢ãƒƒãƒ—ã—ã¾ãƒ¼ã™ï¼ ãƒãƒ£ãƒ³ãƒãƒ«ç™»éŒ²ã‚‚ã‚£ãƒ¨ãƒ­ã‚·ã‚¯ï¼,Uchinaguchi lesson,https://i.ytimg.com/vi/66wNMcUDdC4/hqdefault.jpg,PT9M25S,57,0,0
7t8_aPzVNak,Uchinaguchi Lesson Vol.8 ã€ãµã€,ãƒœã‚¹ã‚¤ã‚±ãƒãƒ£ãƒ³ãƒãƒ«,2023-01-30T01:30:04Z,ã†ã¡ãªãƒ¼ãã¡ãƒ¬ãƒƒã‚¹ãƒ³ Vol.8 ã€ãµã€ ã€ãµã€ã‹ã‚‰å§‹ã¾ã‚‹ãƒ•ãƒ¬ãƒ¼ã‚ºã§ã†ã¡ãªãƒ¼ãã¡ãƒ¬ãƒƒã‚¹ãƒ³ï¼ ãƒãƒ£ãƒ³ãƒãƒ«ç™»éŒ²ã‚‚ã‚£ãƒ¨ãƒ­ã‚·ã‚¯ï¼,Uchinaguchi lesson,https://i.ytimg.com/vi/7t8_aPzVNak/hqdefault.jpg,PT9M8S,12,1,0
qr0OlTZIQ-0,The Okinawan Language - Chanukah #shorts 2/8 #okinawan #uchinaguchi,Che Languages,2022-12-19T11:41:07Z,,Uchinaguchi lesson,https://i.ytimg.com/vi/qr0OlTZIQ-0/hqdefault.jpg,PT46S,3168,233,45
YiaMffbKv8E,"SAI Tutorial ,traditional Okinawan weapon (Ryukyu , Okinawa Kobudo)",Kohji Katoh,2020-05-11T07:34:48Z,"Sai, Ryukyu Kobudo weapon, tutorial by Kohji Katoh. You can learn these things! 0:00 an intro 0:33 How to choose Sai 1:31 The ...",Uchinaguchi lesson,https://i.ytimg.com/vi/YiaMffbKv8E/hqdefault.jpg,PT9M2S,13718,663,73
M6l317gp_YI,My Okinawa language Lesson 6 in Englishã€Œè‹±èªã§å­¦ã¶ã†ã¡ãªãƒ¼ãã¡6ã€&quot;Okinawan food which you can find in Singapore&quot;,MyOkinawaStory â­ï¸æˆ‘çš„æ²–ç¸„ç‰©èª,2021-04-03T11:00:07Z,Let's speak Okinawa language /Uchinaguchi in English è‹±èªã§å­¦ã¶æ²–ç¸„æ–¹è¨€ã†ã¡ãªãƒ¼ãã¡ æ²–ç¸„ã‚¹ãƒˆãƒ¼ãƒªãƒ¼ Let's Discover Okinawa ...,Uchinaguchi lesson,https://i.ytimg.com/vi/M6l317gp_YI/hqdefault.jpg,PT6M17S,492,23,6
LmP1H5jYHkE,Ohio Tomonokai Okinawan Folk Dancing Lesson,James Knott,2007-08-28T04:25:14Z,http://StrayCompass.com - A Travel Adventure Web Site! Members of the Ohio Tomonokai learn Okinawan Folk Dancing from ...,Uchinaguchi lesson,https://i.ytimg.com/vi/LmP1H5jYHkE/hqdefault.jpg,PT1M36S,5678,16,5
F9zMNSDxv8U,Uchinaguchi Lesson Vol.9 ã€ã¸ï¼ˆã¹ï¼‰ã€,ãƒœã‚¹ã‚¤ã‚±ãƒãƒ£ãƒ³ãƒãƒ«,2023-01-31T01:30:03Z,ã†ã¡ãªãƒ¼ãã¡ãƒ¬ãƒƒã‚¹ãƒ³ Vol.9 ã€ã¸ã€ ã€ã¸ï¼ˆã¹ï¼‰ã€ã‹ã‚‰å§‹ã¾ã‚‹ãƒ•ãƒ¬ãƒ¼ã‚ºã§ã†ã¡ãªãƒ¼ãã¡ãƒ¬ãƒƒã‚¹ãƒ³ï¼ ãƒãƒ£ãƒ³ãƒãƒ«ç™»éŒ²ã‚‚ã‚£ãƒ¨ãƒ­ã‚·ã‚¯ï¼,Uchinaguchi lesson,https://i.ytimg.com/vi/F9zMNSDxv8U/hqdefault.jpg,PT6M31S,11,0,0
wYt0g44_Rjs,Uchinaguchi Lesson Vol.9  &quot;He (Be)&quot;,OkinaWanderer,2023-01-31T01:30:30Z,"Let's learn Uchinaguchi starting ""He(Be)"" Please subscribe to the OkiWan YouTube Channel! Donation for OkiWan Tour ...",Uchinaguchi lesson,https://i.ytimg.com/vi/wYt0g44_Rjs/hqdefault.jpg,PT6M31S,45,3,1
622IehSSb0k,æ˜æ—¥ä½¿ãˆã‚‹ï¼æ²–ç¸„æ–¹è¨€è¬›åº§ â‘ ,å—ã®å³¶ã®ãŠã°ãƒ¼ã¨å­«,2019-09-14T10:06:27Z,æ²–ç¸„æ–¹è¨€è¬›å¸«ã®ãŠã°ãƒ¼ã«ã‚ˆã‚‹ ã†ã¡ãªãƒ¼ãã¡ï¼ˆæ²–ç¸„æ–¹è¨€ï¼‰è¬›åº§ã§ã™ ã€LINEã‚¹ã‚¿ãƒ³ãƒ—ç™ºå£²ä¸­ã€‘ ãŠã°ãƒ¼ã®æ—¥å¸¸ä½¿ãˆã‚‹LINEã‚¹ã‚¿ãƒ³ãƒ—ç¬¬ä¸€ ...,Uchinaguchi lesson,https://i.ytimg.com/vi/622IehSSb0k/hqdefault.jpg,PT51S,338538,11511,166
EgEcgXGJvqM,Okinawan Karate Pressure Point Strikes,THE MARTIAL MAN,2025-02-03T06:48:21Z,Explore Further: Online Courses: https://www.themartialman.com Merchandise: https://www.themartialman.store CONNECT ...,Uchinaguchi lesson,https://i.ytimg.com/vi/EgEcgXGJvqM/hqdefault.jpg,PT30S,4662,181,6
jgdlsfQMLBE,Uchinaguchi Lesson Vol.7 ã€ã²ã€,ãƒœã‚¹ã‚¤ã‚±ãƒãƒ£ãƒ³ãƒãƒ«,2023-01-23T01:30:22Z,ã†ã¡ãªãƒ¼ãã¡ãƒ¬ãƒƒã‚¹ãƒ³ã€ã²ã€ ã€ã²ã€ã‹ã‚‰å§‹ã¾ã‚‹ãƒ•ãƒ¬ãƒ¼ã‚ºã®ã†ã¡ãªãƒ¼ãã¡ãƒ¬ãƒƒã‚¹ãƒ³ ãƒãƒ£ãƒ³ãƒãƒ«ç™»éŒ²ã‚‚ã‚£ãƒ¨ãƒ­ã‚·ã‚¯ï¼,Uchinaguchi lesson,https://i.ytimg.com/vi/jgdlsfQMLBE/hqdefault.jpg,PT10M17S,24,0,0
SE1D5KzlD9o,Karate 27 Basic Movements | Okinawan Karate | Every day Karate at Home | Ageshio Japan #shorts,Okinawa Karate Masters,2024-11-27T13:57:40Z,"https://youtu.be/FQxa9Cj7KAE From Okinawa, Japan, the birthplace of Karate, we bring you a karate practice program that you ...",Uchinaguchi lesson,https://i.ytimg.com/vi/SE1D5KzlD9o/hqdefault.jpg,PT19S,2981,184,3
FtoFtzRHP88,&quot; TOP 5 Useful OKINAWA words &quot;  My Okinawa language Lesson ï¼” in English. ã€Œè‹±èªã§å­¦ã¶æ²–ç¸„æ–¹è¨€ã€ã†ã¡ãªãƒ¼ãã¡ï¼”ã€,MyOkinawaStory â­ï¸æˆ‘çš„æ²–ç¸„ç‰©èª,2020-09-05T06:13:43Z,Let's speak Okinawa language /Uchinaguchi in English è‹±èªã§å­¦ã¶æ²–ç¸„æ–¹è¨€ã†ã¡ãªãƒ¼ãã¡ æ²–ç¸„ã‚¹ãƒˆãƒ¼ãƒªãƒ¼ Let's Discover Okinawa ...,Uchinaguchi lesson,https://i.ytimg.com/vi/FtoFtzRHP88/hqdefault.jpg,PT4M53S,325,13,2
4zrufBoxSuQ,Basic Karate Punches | Okinawan Karate | Everyday Karate at Home | Ageshio Japan,Okinawa Karate Masters,2022-12-16T11:00:02Z,"From Okinawa, Japan, the birthplace of Karate, we bring you a karate practice program that you can do at home every day.",Uchinaguchi lesson,https://i.ytimg.com/vi/4zrufBoxSuQ/hqdefault.jpg,PT4M56S,143566,3769,20
Tf6DFPM68Ok,My Okinawa Language lesson in Multi-Languages. PR Video.Okinawa storyã€€å¤šè¨€èªã§å­¦ã¶ã€Œæ²–ç¸„æ–¹è¨€ã€ã‚¦ãƒãƒŠãƒ¼ã‚°ãƒã€ãƒ—ãƒ­ãƒ¢ãƒ¼ã‚·ãƒ§ãƒ³ãƒ“ãƒ‡ã‚ª,MyOkinawaStory â­ï¸æˆ‘çš„æ²–ç¸„ç‰©èª,2020-07-11T07:00:12Z,Let's Speak Okinawan / Uchinaguchi!! æ²–ç¸„æ–¹è¨€ã‚’è©±ãã†ï¼ Let's Discover Okinawa with us / My Okinawa Story âœ¨Pls SUBSCRIBE ...,Uchinaguchi lesson,https://i.ytimg.com/vi/Tf6DFPM68Ok/hqdefault.jpg,PT1M33S,517,15,0
JYvt4M4F2vI,Lesson Spin-Off ~OKINAWA~,åœŸæ›œè¬›åº§ã‚¯ãƒ©ãƒ– ~ Je me souviens ~,2014-09-28T12:59:04Z,"For those of you who are going to Okinawa. A little knowledge of its own dialects will broaden your world, and make your trip more ...",Uchinaguchi lesson,https://i.ytimg.com/vi/JYvt4M4F2vI/hqdefault.jpg,PT1M35S,322,6,4
dpHL52C6C9o,Okinawan Karate Pressure Point Takedown #karate #okinawa,THE MARTIAL MAN,2024-01-02T02:37:23Z,,Uchinaguchi lesson,https://i.ytimg.com/vi/dpHL52C6C9o/hqdefault.jpg,PT15S,12742,368,9
FQxa9Cj7KAE,Karate 27 Basic Movements | Okinawan Karate | Every day Karate at Home | Ageshio Japan,Okinawa Karate Masters,2022-05-17T11:00:07Z,"From Okinawa, Japan, the birthplace of Karate, we bring you a karate practice program that you can do at home every day.",Uchinaguchi lesson,https://i.ytimg.com/vi/FQxa9Cj7KAE/hqdefault.jpg,PT4M1S,2431844,49448,668
LjLkZDwaQws,10th Dan Okinawan Karate Sensei explains why he punches with the first two knuckles ğŸ‘Š,THE MARTIAL MAN,2023-02-01T16:20:55Z,,Uchinaguchi lesson,https://i.ytimg.com/vi/LjLkZDwaQws/hqdefault.jpg,PT45S,118791,3773,43
55dJNCdhG-c,"TOP 3 useful Okinawan words for CONVID19 in English,  Lesson 8.  è‹±èªã§å­¦ã¶ã‚¦ãƒãƒŠãƒ¼ã‚°ãƒæ²–ç¸„æ–¹è¨€,ã‚³ãƒ­ãƒŠç¦ã§ä½¿ã†æ²–ç¸„æ–¹è¨€BEST 3.",MyOkinawaStory â­ï¸æˆ‘çš„æ²–ç¸„ç‰©èª,2021-10-09T02:30:01Z,"TOP 3 Okinawan word for COVID19 : Trailer in English , Chinese , Vietnamese , Japanese and Bahasa Malay , ã‚³ãƒ­ãƒŠç¦ã§å½¹ãŸã¤ ...",Uchinaguchi lesson,https://i.ytimg.com/vi/55dJNCdhG-c/hqdefault.jpg,PT4M18S,98,6,0
Iioy3GAlVvc,NUMBERS IN OKINAWAN LANGUAGE,ILoveLanguages!,2025-04-11T15:30:10Z,Welcome to my channel! This is Andy from I love languages. Let's learn different languages/dialects together. This video is created ...,Uchinaguchi lesson,https://i.ytimg.com/vi/Iioy3GAlVvc/hqdefault.jpg,PT28S,6217,225,8
u_kWJIF5C70,Learn Japanese in Okinawa! ğŸ‡¯ğŸ‡µğŸŒ´ğŸŒŠ #shorts,Sakiâ€™s Japanese Lessons,2022-11-20T16:00:37Z,Learn Japanese in Okinawa! Follow Me On: Patreon: https://www.patreon.com/sakisjapaneselesson TikTok: ...,Uchinaguchi lesson,https://i.ytimg.com/vi/u_kWJIF5C70/hqdefault.jpg,PT24S,1653,30,1
UrDi5lpX4jw,æ²–ç¸„æ–¹è¨€è¬›åº§ï¼,ãŠã°ãTube! æ²–ç¸„ã‹ã‚‰ä»‹è­·è·ã®é­…åŠ›ç™ºä¿¡,2022-06-02T11:24:18Z,æ²–ç¸„çœŒã§ã€Œå°è¦æ¨¡å¤šæ©Ÿèƒ½ãƒ›ãƒ¼ãƒ ã‚ã‚“ã€ã‚’é‹å–¶ã—ã¦ã„ã¾ã™ã€‚ ä»‹è­·ã«å¯¾ã™ã‚‹ã‚¤ãƒ¡ãƒ¼ã‚¸ã‚¢ãƒƒãƒ—ã€é­…åŠ›ã‚’ä¼ãˆã¦ã„ã‘ãŸã‚‰ã¨ã®æƒ³ã„ãŒã‚ã‚Šã€ ...,Uchinaguchi lesson,https://i.ytimg.com/vi/UrDi5lpX4jw/hqdefault.jpg,PT46S,1881,0,0
VEyQsn-v96k,"&quot; TOP 3 WORDS , You can impress Okinawans &quot;  My Okinawa language Lesson 5 in English. ã€Œè‹±èªã§å­¦ã¶ã†ã¡ãªãƒ¼ãã¡5ã€",MyOkinawaStory â­ï¸æˆ‘çš„æ²–ç¸„ç‰©èª,2020-09-25T23:45:01Z,Let's speak Okinawa language /Uchinaguchi in English è‹±èªã§å­¦ã¶æ²–ç¸„æ–¹è¨€ã†ã¡ãªãƒ¼ãã¡ æ²–ç¸„ã‚¹ãƒˆãƒ¼ãƒªãƒ¼ Let's Discover Okinawa ...,Uchinaguchi lesson,https://i.ytimg.com/vi/VEyQsn-v96k/hqdefault.jpg,PT3M48S,355,14,1
E5D-SJ0nDHA,Okinawan Karate - Goju Ryu Sanchin,Iron Ronin Budo,2023-05-06T14:02:21Z,,Uchinaguchi lesson,https://i.ytimg.com/vi/E5D-SJ0nDHA/hqdefault.jpg,PT24S,2258,62,2
0T2OnDntxOI,"The Okinawan language, casually spoken | Gijs and Takako speaking Uchinaaguchi | Wikitongues",Wikitongues,2022-08-17T20:19:20Z,"The Okinawan language, or UchinÄguchi, is primarily spoken on the island of Okinawa in Japan's Ryukyu archipelago. It is related ...",Okinawan language,https://i.ytimg.com/vi/0T2OnDntxOI/hqdefault.jpg,PT3M48S,96540,2301,267
6ZjVmtlW8q0,Is Okinawan a dialect of Japanese or a separate language?,Rob Kajiwara,2018-11-28T08:47:37Z,Luuchuu #Uchinaanchu #Okinawa #Ryukyu Talking about the Ryukyuan languages (Okinawan) with Professor Hoshin ...,Okinawan language,https://i.ytimg.com/vi/6ZjVmtlW8q0/hqdefault.jpg,PT3M54S,33410,923,206
cbZ837G4ArM,JAPANESE &amp; OKINAWAN (STANDARD SHURI DIALECT),ILoveLanguages!,2023-03-21T14:07:30Z,Welcome to my channel! This is Andy from I love languages. Let's learn different languages/dialects together. Please feel free to ...,Okinawan language,https://i.ytimg.com/vi/cbZ837G4ArM/hqdefault.jpg,PT1M33S,123523,3015,314
NntK3WM1J-k,Japanese VS Okinawan. How Different Are They? REALITY CHECK,Metatron's Academy,2023-08-27T23:00:28Z,Let's check out how different Japanese and Okinawan are! Links to the original creators ...,Okinawan language,https://i.ytimg.com/vi/NntK3WM1J-k/hqdefault.jpg,PT12M29S,20689,1103,234
Ny9lvA_2A6Y,Common Okinawan Phrases | Uchinaguchi for Beginners,Rob Kajiwara,2020-10-28T08:09:36Z,Basic Uchinaguchi (Okinawan language) phrases for beginners. How to learn the Okinawan language. www.,Okinawan language,https://i.ytimg.com/vi/Ny9lvA_2A6Y/hqdefault.jpg,PT2M56S,8400,287,6
1ZWtnP0ft2s,Conversation in the Okinawan language,LanguageOdditorium,2011-12-16T12:54:07Z,Conversation in the Okinawan language as it is spoken on Kume Island.,Okinawan language,https://i.ytimg.com/vi/1ZWtnP0ft2s/hqdefault.jpg,PT1M13S,65585,907,132
fZdGRX1iucU,"How to say &quot;excuse me&quot; in the Okinawan language, Uchinaguchi",Rob Kajiwara,2019-05-08T08:06:12Z,"Learn how to speak Uchinaguchi, the Okinawan language. Uchinaguchi is recognized by UNESCO as a ""definitely endangered"" ...",Okinawan language,https://i.ytimg.com/vi/fZdGRX1iucU/hqdefault.jpg,PT2M24S,2362,93,4
fXYqKLuIeR0,Ikigai &amp; Moai: Secrets to Okinawan Happiness &amp; Longevity,GreenInPulse,2025-05-22T22:55:03Z,"Discover the Okinawan secrets to a long and happy life! We explore Ikigai, your reason for being, and Moai, small social groups ...",Okinawan language,https://i.ytimg.com/vi/fXYqKLuIeR0/hqdefault.jpg,PT25S,1095,2,0
Eza2CwrTR8Y,What&#39;s Up With Okinawan Names? - A Language History,Unseen Japan,2020-08-11T12:01:06Z,Why are Okinawan names difficult for even mainland Japanese speakers? How the languages of the Ryukyu kingdom survived ...,Okinawan language,https://i.ytimg.com/vi/Eza2CwrTR8Y/hqdefault.jpg,PT26M10S,31421,1541,173
LZ9vYcMfhSQ,Language vs Dialect #okinawa #language,Letsgokinawa ,2023-09-26T15:19:47Z,Our other social media platforms Tiktok @okinawaisbeautiful https://www.tiktok.com/@okinawaisbeautiful?_t=8bovJzEk1j7&_r=1 ...,Okinawan language,https://i.ytimg.com/vi/LZ9vYcMfhSQ/hqdefault.jpg,PT1M1S,8179,434,16
CevZmVbiAsY,"How to say &quot;Thank You&quot; in the Okinawan language, Uchinaguchiï½œã†ã¡ãªãƒ¼ãã¡ æˆæ¥­ï½œç‰çƒèª",Rob Kajiwara,2020-11-17T06:24:43Z,"Learn how to say ""thanks"" and ""thank you"" in Uchinaguchi, the Okinawan language. Okinawan language phrases for beginners.",Okinawan language,https://i.ytimg.com/vi/CevZmVbiAsY/hqdefault.jpg,PT7M26S,7654,331,30
ka3rTNS-Xms,OKINAWEN - Japans HIDDEN Island Language ğŸ‡¯ğŸ‡µğŸ’¬ #okinawa #languages #japaneseculture,World Eddie,2024-11-02T01:51:29Z,hello! today we are looking into Okinawen which is a language from the Okinawa islands in the south of Japan! it's pretty cool and ...,Okinawan language,https://i.ytimg.com/vi/ka3rTNS-Xms/hqdefault.jpg,PT21S,2311,58,8
zaTVtuhpMnw,Are Okinawan&#39;s Japanese?,Muteki Matt,2020-07-21T01:00:08Z,"I realize I'm not Okinawan nor am I Japanese, however, I believe that also gives me an unbiased perspective on the matter.",Okinawan language,https://i.ytimg.com/vi/zaTVtuhpMnw/hqdefault.jpg,PT8M30S,40277,1047,633
RM8oMUj2NJM,Learn the Okinawan Dialect in Japan,Staycloudy14,2023-12-22T09:00:31Z,japan #japaneselisteningpractice #howtolearnjapanese #learnjapanese #livinginjapan #blackinjapan #howtospeakjapanese ...,Okinawan language,https://i.ytimg.com/vi/RM8oMUj2NJM/hqdefault.jpg,PT1M2S,815,16,2
ds-cYjAjpIY,Okinawan Numbers | How to count 1-10 in the Okinawan language | Uchinaguchi,Rob Kajiwara,2020-10-12T05:14:43Z,"Numbers and counting in Uchinaguchi, the Okinawan language. Writing includes Arabic numerals, romanized Uchinaguchi, ...",Okinawan language,https://i.ytimg.com/vi/ds-cYjAjpIY/hqdefault.jpg,PT4M19S,4787,156,10
tQhJp4C6ihg,What Japan thinks of the Okinawan language,Rob Kajiwara,2020-06-13T04:03:03Z,The Okinawan language - How Japan thinks of it. www.PeaceForOkinawa.org #Ryukyu #RestoreRyukyu #RyukyuRenaissance.,Okinawan language,https://i.ytimg.com/vi/tQhJp4C6ihg/hqdefault.jpg,PT46S,2571,47,12
Z7C-Xv722_8,Okinawan Language Program with Japanese Subtitles,à¬…à¬¨à­à¬µà­‡à¬· à¬ªà¬¤à¬¿,2022-02-26T08:07:49Z,,Okinawan language,https://i.ytimg.com/vi/Z7C-Xv722_8/hqdefault.jpg,PT1M,514,18,0
VQg97pb3NYc,JEJU &amp; OKINAWAN,ILoveLanguages!,2023-12-02T14:00:31Z,Welcome to my channel! This is Andy from I love languages. Let's learn different languages/dialects together. Please feel free to ...,Okinawan language,https://i.ytimg.com/vi/VQg97pb3NYc/hqdefault.jpg,PT1M43S,18125,514,77
JYlPKj_lZUs,Okinawan vs Tokyo Native What&#39;s the BIGGEST Cultural Difference?,Japan Documented,2024-10-29T12:00:31Z,"In this interview, Linoa, an Okinawan living in Tokyo, shares her perspective on the cultural and lifestyle contrasts between ...",Okinawan language,https://i.ytimg.com/vi/JYlPKj_lZUs/hqdefault.jpg,PT8M3S,21205,605,97
XGjZWkD6x2U,My terrible attempt to speak Okinawan language (uchiaaguchi) from memory,JoshTheCollins,2021-06-05T16:18:10Z,,Okinawan language,https://i.ytimg.com/vi/XGjZWkD6x2U/hqdefault.jpg,PT16S,4702,175,6
e8VFYct1y9g,Descent of Tongues: Okinawan,Linguistics Direct,2016-10-03T18:04:57Z,"Here is the first of one of the new series I promised, and we will be starting with a language from Japan. I hope you guys enjoy.",Okinawan language,https://i.ytimg.com/vi/e8VFYct1y9g/hqdefault.jpg,PT9M9S,6851,234,17
70H0EA83dJA,Japan&#39;s Stereotypes Against Amejo in Okinawa,VICE Asia,2021-07-22T12:00:11Z,"VICE World News host Hanako Montgomery travels to Okinawa, a former American territory, to find out why the term â€œAmejoâ€ ...",Okinawan language,https://i.ytimg.com/vi/70H0EA83dJA/hqdefault.jpg,PT12M52S,367111,7564,1362
E_ocl6xwkTk,Okinawa dialect older brother and sister,Wright Juku Online,2021-10-02T05:19:51Z,,Okinawan language,https://i.ytimg.com/vi/E_ocl6xwkTk/hqdefault.jpg,PT53S,4077,143,5
iCCl7OD6okc,JAPONIC: KAGOSHIMA &amp; OKINAWAN,ILoveLanguages!,2024-02-29T14:00:27Z,Welcome to my channel! This is Andy from I love languages. Let's learn different languages/dialects together. Please feel free to ...,Okinawan language,https://i.ytimg.com/vi/iCCl7OD6okc/hqdefault.jpg,PT1M37S,12225,318,63
uREwNnTvgVY,Definition of Okinawa vs Ryukyu #okinawa #history #japan #ryukyu,Letsgokinawa ,2024-01-19T16:56:44Z,,Okinawan language,https://i.ytimg.com/vi/uREwNnTvgVY/hqdefault.jpg,PT1M1S,12054,431,8
gpeO_h1Ck-4,Okinawan colors | How to speak the Okinawan language | Uchinaguchi,Rob Kajiwara,2020-10-17T00:34:01Z,"How to say colors in the Okinawan language. Okinawan is one of the Ryukyuan language, recognized by UNESCO as the ...",Okinawan language,https://i.ytimg.com/vi/gpeO_h1Ck-4/hqdefault.jpg,PT3M45S,1510,72,7
WGEKvmRiJrY,Creating new words in the Okinawan language | ã†ã¡ãªãƒ¼ãã¡æ–°å­—ä½œæˆã•|æ²–ç¸„èªãƒ»ç‰çƒèª,Rob Kajiwara,2020-05-25T07:06:53Z,"Creating new words in the Okinawan language, Uchinaguchi | ã†ã¡ãªãƒ¼ãã¡æ–°å­—ä½œæˆã•ã€æ²–ç¸„èªãƒ»ç‰çƒèª Removing English or ...",Okinawan language,https://i.ytimg.com/vi/WGEKvmRiJrY/hqdefault.jpg,PT3M37S,3906,129,87
L2yvf-pQJ2I,Do Okinawans See Themselves as Japanese? | JAPAN STREET INTERVIEW,Muramasa,2025-02-28T10:12:38Z,Do Okinawans See Themselves as Japanese? | JAPAN STREET INTERVIEW Is Okinawa really Japan? Or do Okinawans ...,Okinawan language,https://i.ytimg.com/vi/L2yvf-pQJ2I/hqdefault.jpg,PT8M8S,7238,306,90
97YAK0T5rYQ,Japanese from Okinawa in UK  #Okinawa #Japan #Japanese,Arnaud From France,2023-06-11T19:45:00Z,full video = What's it like being Japanese in UK?,Okinawan language,https://i.ytimg.com/vi/97YAK0T5rYQ/hqdefault.jpg,PT56S,4717,197,9
qmUgDxEEpoU,"MIYAKOAN LANGUAGE, PEOPLE, &amp; CULTURE",ILoveLanguages!,2024-07-01T14:00:41Z,"Welcome to my channel! This is Andy from I love languages. Let's learn different languages/dialects together. ""ã¯ãƒ¼ã„ï¼ å¾ãŒå ...",Okinawan language,https://i.ytimg.com/vi/qmUgDxEEpoU/hqdefault.jpg,PT8M39S,19754,772,125
q7Ef3hPNY-w,How to say â€œHelloâ€ in okinawan language! Study okinawan language.  Haisai and haitai.,World Okinawa Channel,2021-05-12T13:27:06Z,okinawa #haisai #haitai.,Okinawan language,https://i.ytimg.com/vi/q7Ef3hPNY-w/hqdefault.jpg,PT1M54S,1497,31,2
vw8n2t5vDV4,What is Uchinaguchi?! How important is this Okinawan language to its society?,Orane Reid,2021-07-02T09:18:26Z,Uchinaguchi or Hogen as it colloquially called is a language spoken by older Okinawan locals that are fundamentally different ...,Okinawan language,https://i.ytimg.com/vi/vw8n2t5vDV4/hqdefault.jpg,PT11M19S,432,32,26
YPF5R6n8HS4,"Yes, we spoke in Japanese the whole time with strong Okinawan accent #businessinjapan #okinawa #tea",Christal Burnette - Haitai Longevity,2024-01-23T11:54:04Z,Get My Amazon Best Selling Cookbook 'The 100 Year Menu' https://www.amazon.com/dp/B0CW1DWKJ8 FREE Okinawa ...,Okinawan language,https://i.ytimg.com/vi/YPF5R6n8HS4/hqdefault.jpg,PT48S,4908,164,12
DAhDpLeJV50,#okinawa #irabu #snake #language #shimakutuba #uchinanchu,World Okinawa Channel,2025-03-04T14:43:57Z,,Okinawan language,https://i.ytimg.com/vi/DAhDpLeJV50/hqdefault.jpg,PT17S,70,3,0
4R824Hy3rWc,#okinawa #language #yassa #uchinanchu,World Okinawa Channel,2024-08-16T22:40:01Z,,Okinawan language,https://i.ytimg.com/vi/4R824Hy3rWc/hqdefault.jpg,PT17S,69,2,0
F9Dee3lLkPM,æ²–ç¸„å¼ é¦–é‡Œ(1979å¹´) å­—å¹•è§£èª¬ä»˜ã [Okinawan language / Shuri dialect],minerva scientia,2021-07-21T16:08:16Z,æœ¬åœŸäººãŒæƒ³åƒã™ã‚‹ã€Œæ²–ç¸„å¼ã€ã¯ã‚¦ãƒãƒŠãƒ¼ãƒ¤ãƒãƒˆã‚°ãƒã¨å‘¼ã°ã‚Œã‚‹æ—¥æœ¬èªåŒ–ã•ã‚ŒãŸæ²–ç¸„å¼ã§ã‚ã‚‹ã“ã¨ãŒå¤šã„ã§ã™ãŒã€ä¼çµ±çš„ãªæ²–ç¸„å¼ã¯ ...,Okinawan language,https://i.ytimg.com/vi/F9Dee3lLkPM/hqdefault.jpg,PT3M27S,80382,1273,188
RifHo7j-PeI,How to say â€œThank youâ€ in Okinawan language! Study Okinawan language. Nifedebiru.,World Okinawa Channel,2021-08-27T23:53:02Z,okinawa #nifedebiru #uchinaguchi.,Okinawan language,https://i.ytimg.com/vi/RifHo7j-PeI/hqdefault.jpg,PT1M46S,1004,27,4
HAIwBM6goCs,#okinawa #language #chibi #uchinanchu,World Okinawa Channel,2024-12-25T22:36:26Z,,Okinawan language,https://i.ytimg.com/vi/HAIwBM6goCs/hqdefault.jpg,PT21S,133,7,0
Wd3UwX-hVdU,How to say goodbye in the Okinawan language | ã†ã¡ãªãƒ¼ãã¡æ²–ç¸„èªç‰çƒèª,Rob Kajiwara,2020-12-03T08:24:30Z,"How to say goodbye in Uchinaguchi, the Native Okinawan language. Ryukyuans / Okinawans are recognized by the UN as the ...",Okinawan language,https://i.ytimg.com/vi/Wd3UwX-hVdU/hqdefault.jpg,PT7M29S,2051,118,13
kO0a1yZBIJY,Okinawan Secret - Yuimaaru!,Japan Talker,2023-07-04T12:00:27Z,"Yuimaaru is another traditional Okinawan word that means ""togetherness"" or ""mutual support."" Check out this short to find out ...",Okinawan language,https://i.ytimg.com/vi/kO0a1yZBIJY/hqdefault.jpg,PT39S,91,2,0
zqQfQgEWtlA,Okinawa Language and Identity: Q2 Japan,Q2Japan,2018-04-18T00:48:05Z,"Q2 Japan visits Okinawa for not only fun and leisure, but to learn more about the various cultures and languages of the islands.",Okinawan language,https://i.ytimg.com/vi/zqQfQgEWtlA/hqdefault.jpg,PT9M53S,11264,484,82
5uUvCnriQO4,How to say â€œhow are you doing?â€ in okinawan language! Study okinawan language. Chaganjuune.,World Okinawa Channel,2021-06-04T01:31:48Z,okinawa #chaganjuune #shimakotoba.,Okinawan language,https://i.ytimg.com/vi/5uUvCnriQO4/hqdefault.jpg,PT2M20S,289,13,0
vXBRnbT7-Ac,Uchinaguchi Study Group (#1) - Special Topics - Channel Introduction  (Okinawa Language æ²–ç¸„èª),Uchinaguchi Study Group  (Okinawan language),2021-04-09T10:15:02Z,Uchinaguchi_SG (Twitter) Link to a list of all Uchinaguchi Study Group videos ...,Okinawan language,https://i.ytimg.com/vi/vXBRnbT7-Ac/hqdefault.jpg,PT8M1S,2421,176,38
ncYkH2mZLI0,Okinawan secrets - Ichariba Chode,Japan Talker,2023-07-03T12:00:38Z,"Ichariba Chode is a traditional Okinawan saying that means ""once we meet, we are brothers and sisters."" Watch this short to find ...",Okinawan language,https://i.ytimg.com/vi/ncYkH2mZLI0/hqdefault.jpg,PT33S,259,4,0
T1p0Mc_8BaQ,Uchinaguchi Study Group (#8) - Grammar - Sentence Pattern - &quot;This is&quot; ã‚„ã‚“  (Okinawan Language æ²–ç¸„èª),Uchinaguchi Study Group  (Okinawan language),2021-05-28T10:15:02Z,Uchinaguchi_SG (Twitter) Link to a list of all Uchinaguchi Study Group videos ...,Okinawan language,https://i.ytimg.com/vi/T1p0Mc_8BaQ/hqdefault.jpg,PT12M,1158,95,13
fCGUmB_hPCo,#okinawa #language #chuganabira   #uchinanchu,World Okinawa Channel,2024-08-13T10:16:06Z,,Okinawan language,https://i.ytimg.com/vi/fCGUmB_hPCo/hqdefault.jpg,PT27S,99,6,0
R5RhF-x-dZk,ã€æ²–ç¸„ã€‘é›£æ˜“åº¦MAXï¼ã‚¦ãƒãƒŠãƒ¼ã‚°ãƒï¼ã€ç§˜å¯†ã®ã‚±ãƒ³ãƒŸãƒ³SHOWæ¥µå…¬å¼|2022å¹´7æœˆ7æ—¥ æ”¾é€ã€‘,ã€å…¬å¼ã€‘ç§˜å¯†ã®ã‚±ãƒ³ãƒŸãƒ³SHOWæ¥µ,2023-06-19T10:17:48Z,æœ¬ç·¨ã¯ã‚³ãƒãƒ©ã‹ã‚‰â™ª ã‚¢ãƒŠã‚¿ã«ã¯ã‚ã‹ã‚‹ï¼ï¼Ÿæ¿€ãƒ ã‚ºæ²–ç¸„å¼ https://youtu.be/rJWjQZgm5ss ç§˜å¯†ã®ã‚±ãƒ³ãƒŸãƒ³SHOWæ¥µã®éå»æ”¾é€å›ã‚’ ...,ã‚¦ãƒãƒŠãƒ¼ã‚°ãƒ,https://i.ytimg.com/vi/R5RhF-x-dZk/hqdefault.jpg,PT25S,60974,815,22
WHy2lBKEY-g,ã€ã‚¢ãƒ•ãƒ¬ã‚³ã€‘ä¸€æ°—è¦‹ï¼†ãŠã¾ã‘ï¼ æ²–ç¸„æ–¹è¨€ ã™ãã‚‹ ç™½é›ªå§«ã€ç·é›†ç·¨ ã¾ã¨ã‚ã€‘ â€»å­ã©ã‚‚å‘ã‘ã‚³ãƒ³ãƒ†ãƒ³ãƒ„ã§ã¯ã‚ã‚Šã¾ã›ã‚“,rain@æ²–ç¸„æ–¹è¨€ã§æ­Œã£ã¦ã¿ãŸ,2024-03-01T11:00:07Z,æ²–ç¸„æ–¹è¨€ ã™ãã‚‹ç™½é›ªå§« å®Œå…¨ç‰ˆ (èª¤å­—ãƒ»èª¤ç™ºéŸ³ä¿®æ­£&ç”»è³ªéŸ³è³ªå‘ä¸Š) æ²–ç¸„æ–¹è¨€ã™ãã‚‹ã‚·ãƒªãƒ¼ã‚ºç¬¬äºŒå¼¾â‡’ https://youtu.be/P6rn1GlL91w ...,ã‚¦ãƒãƒŠãƒ¼ã‚°ãƒ,https://i.ytimg.com/vi/WHy2lBKEY-g/hqdefault.jpg,PT27M52S,1876362,38584,1123
3Gq-1I0XAhM,ã€ã‚¢ãƒ•ãƒ¬ã‚³ã€‘é¡ã‚ˆé¡ æ²–ç¸„ ã® è‹±èª (ã‚¦ãƒãƒŠãƒ¼ã‚¢ãƒŸãƒªã‚«ãƒ¼ã‚°ãƒ) ç·¨ ã¾ã¨ã‚ ã€ æ²–ç¸„æ–¹è¨€ ã™ãã‚‹ ç™½é›ªå§«ã€‘,rain@æ²–ç¸„æ–¹è¨€ã§æ­Œã£ã¦ã¿ãŸ,2024-11-23T08:45:08Z,æ²–ç¸„æ–¹è¨€ ã™ãã‚‹ ç™½é›ªå§« ã‚¦ãƒãƒŠãƒ¼ã‚¢ãƒŸãƒªã‚«ãƒ¼ã‚°ãƒ ç·¨ã€‚å¶ãƒƒãƒ—ãƒ«å‰ã®å¥³ç‹æ§˜ã®æ¶™ãã¾ã—ã„åŠªåŠ›ã€‚ æ¬¡ä½œâ‡¨ ...,ã‚¦ãƒãƒŠãƒ¼ã‚°ãƒ,https://i.ytimg.com/vi/3Gq-1I0XAhM/hqdefault.jpg,PT10M18S,159555,3781,154
zXiIPp06SOY,ç«¥ç¥ï¼ã‚¦ãƒãƒŠãƒ¼ã‚°ãƒ,kamadaa1,2011-06-27T06:27:14Z,æœ¬å®¶ã€å¤è¬ç¾ä½å­ã®ç«¥ç¥ã§ã™ã€‚ è¿«åŠ›ã®ã‚ã‚‹å£°é‡ã§å”„ã„ã‚ã’ã¾ã™ ã‚­ãƒ¼ãƒœãƒ¼ãƒ‰ã¯ã€ã”ä¸»äººã®ä½åŸä¸€å“‰ã§ã™ã€‚,ã‚¦ãƒãƒŠãƒ¼ã‚°ãƒ,https://i.ytimg.com/vi/zXiIPp06SOY/hqdefault.jpg,PT3M29S,1373656,6412,215
1r_f_a2aJKs,ã€2024 æ–°ç¿»è¨³ã€‘ æ¶™ãã†ãã† ã‚¦ãƒãƒŠãƒ¼ã‚°ãƒ ver. ã€ æ²–ç¸„æ–¹è¨€ ã§ æ­Œã£ã¦ã¿ãŸ ã€‘,rain@æ²–ç¸„æ–¹è¨€ã§æ­Œã£ã¦ã¿ãŸ,2024-07-20T08:45:07Z,æ¶™ãã†ãã† ã€ ã‚Šãƒ¼ã¿ãƒ¼ã­ãƒ¼ã­ãƒ¼ã¸è´ˆã‚‹ã€æ–° ã‚¦ãƒãƒŠãƒ¼ã‚°ãƒ ç¿»è¨³ã€‚ ã€ãƒãƒ£ãƒ³ãƒãƒ«ç™»éŒ²ï¼†é€šçŸ¥ON  ã‚†ãŸã•ã‚‹ãã¨ã…ã†ã«ã’ãƒ¼ã•ã³ã‚‰ï¼,ã‚¦ãƒãƒŠãƒ¼ã‚°ãƒ,https://i.ytimg.com/vi/1r_f_a2aJKs/hqdefault.jpg,PT4M19S,51705,1531,87
Qn7J9clWODA,BEGINï¼æ¶™ãã†ãã†ï¼ˆã‚¦ãƒãƒŠãƒ¼ã‚°ãƒï¼‰,fujiki,2011-03-10T11:23:20Z,å†™çœŸã¯å®®å¤å³¶ã§ã™ï½¥ï½¥ï½¥,ã‚¦ãƒãƒŠãƒ¼ã‚°ãƒ,https://i.ytimg.com/vi/Qn7J9clWODA/hqdefault.jpg,PT4M12S,2681688,4255,190
rJWjQZgm5ss,ã€æ²–ç¸„ã€‘ã‚¢ãƒŠã‚¿ã«ã¯ã‚ã‹ã‚‹ï¼ï¼Ÿæ¿€ãƒ ã‚ºæ²–ç¸„å¼ã€ç§˜å¯†ã®ã‚±ãƒ³ãƒŸãƒ³SHOWæ¥µå…¬å¼|2022å¹´7æœˆ7æ—¥ æ”¾é€ã€‘,ã€å…¬å¼ã€‘ç§˜å¯†ã®ã‚±ãƒ³ãƒŸãƒ³SHOWæ¥µ,2022-12-23T10:00:25Z,ãƒãƒ£ãƒ³ãƒãƒ«ç™»éŒ²â˜†ã¯ã“ã¡ã‚‰ï¼ â‡’ https://www.youtube.com/@kenmin_kiwami â–½ã€æ–¹è¨€ã€‘ã‚ãªãŸã¯èãå–ã‚Œã‚‹ï¼Ÿæ–¹è¨€ç‰¹é›† ...,ã‚¦ãƒãƒŠãƒ¼ã‚°ãƒ,https://i.ytimg.com/vi/rJWjQZgm5ss/hqdefault.jpg,PT8M42S,2196894,16154,1398
DzHb2405Ots,ã€ãƒ•ãƒ«ã¯èª¬æ˜æ¬„â— ã‚¢ãƒ•ãƒ¬ã‚³ ã€‘çµ¶å¯¾ã«æ–¹è¨€ã§æ­Œã£ã¦ã¯ã„ã‘ãªã„ã€Œ Get Wild ã€ã€ æ²–ç¸„æ–¹è¨€ ã™ãã‚‹ ç™½é›ªå§« ãƒ•ãƒ«ã‚‚ã‚ã‚‹ã‚ˆç·¨ã€€æ­Œã£ã¦ã¿ãŸ ã€‘#shorts â€»ä¸€éƒ¨ã‚¦ãƒãƒŠãƒ¼ãƒ¤ãƒãƒˆã‚¥ã‚°ãƒã§ã™,rain@æ²–ç¸„æ–¹è¨€ã§æ­Œã£ã¦ã¿ãŸ,2025-02-11T08:45:00Z,Get Wild ( æ²–ç¸„æ–¹è¨€ ) â‘ é«˜è©•ä¾¡   â‘¡å…±æœ‰ãƒ„ã‚¤ãƒ¼ãƒˆâ¦ â‘¢ã‚³ãƒ¡ãƒ³ãƒˆ   â‡¨ã“ã®ï¼“ã¤ã§ã‚ªã‚¹ã‚¹ãƒ¡ã«è¼‰ã‚Šã‚„ã™ããªã‚‹ã£ã¦!! ä»–ã®æ²–ç¸„æ–¹è¨€ ...,ã‚¦ãƒãƒŠãƒ¼ã‚°ãƒ,https://i.ytimg.com/vi/DzHb2405Ots/hqdefault.jpg,PT1M15S,46559,993,27
0wAsfshA01M,ã€ã‚¢ãƒ•ãƒ¬ã‚³ã€‘å¸°ã£ã¦ããŸè¡æ’ƒã‚³ãƒ©ãƒœï¼PART2 æ²–ç¸„æ–¹è¨€ ã™ãã‚‹ ç™½é›ªå§« ã¨ æ±åŒ—æ–¹è¨€ ã™ãã‚‹ ã‚·ãƒ³ãƒ‡ãƒ¬ãƒ©ã€é¡ãŒã¾ã•ã‹ã®â€¦ï¼ï¼Ÿã€‘,rain@æ²–ç¸„æ–¹è¨€ã§æ­Œã£ã¦ã¿ãŸ,2024-12-08T08:45:06Z,PART1 â‡¨ https://www.youtube.com/watch?v=EHoU-VaXSIc PART3 â‡¨ https://www.youtube.com/watch?v=D2EB9SzqmNo ã€ ã“ãŒ ...,ã‚¦ãƒãƒŠãƒ¼ã‚°ãƒ,https://i.ytimg.com/vi/0wAsfshA01M/hqdefault.jpg,PT2M39S,90776,2783,69
PxO_w-Gtn6k,ã†ã¡ãªãƒ¼ãã¡æœã®ãƒ©ã‚¸ã‚ªä½“æ“ï¼ˆ2012å¹´3æœˆ7æ—¥é…ä¿¡ï¼‰,CamplooOkinawa,2012-03-07T04:31:52Z,ã†ã¡ãªãƒ¼ãã¡æœã®ãƒ©ã‚¸ã‚ªä½“æ“ï¼ˆ2012å¹´3æœˆ7æ—¥é…ä¿¡ï¼‰ã‚¢ãƒ¡ãƒªã‚«ãƒ³ãƒ“ãƒ¬ãƒƒã‚¸ã‚ˆã‚Š ã€Œã‚­ãƒ£ãƒ³ãƒ—ã‚‹ï½okinawaï¼ã‚­ãƒ£ãƒ³ãƒšãƒ¼ãƒ³2012ã€é…ä¿¡ ...,ã‚¦ãƒãƒŠãƒ¼ã‚°ãƒ,https://i.ytimg.com/vi/PxO_w-Gtn6k/hqdefault.jpg,PT3M31S,450570,1324,98
JSooBidAL9Q,ã€æ„Ÿå‹•ã€‘ ç«¥ç¥ ï½ã‚¦ãƒãƒŠãƒ¼ã‚°ãƒï½ rain coverã€ä¸‰ç·š æ²–ç¸„æ–¹è¨€ ã§ æ­Œã£ã¦ã¿ãŸã€‘,rain@æ²–ç¸„æ–¹è¨€ã§æ­Œã£ã¦ã¿ãŸ,2024-01-03T08:45:08Z,ã‚´ãƒªã•ã‚“ã®æ˜ ç”»ã€Œ æ´—éª¨ ã€ä¸»é¡Œæ­Œã€å¤è¬ç¾ä½å­ã•ã‚“ã®ã€Œ ç«¥ç¥ ã€ã€‚ æ²–ç¸„ ã®è¨€è‘‰ã£ã¦ç´ æ•µã ã‚ˆã­ã€‚ 2024å¹´ã‚‚ æ²–ç¸„æ–¹è¨€ ã®é­…åŠ›ã‚’ä¼ãˆã‚‹ ...,ã‚¦ãƒãƒŠãƒ¼ã‚°ãƒ,https://i.ytimg.com/vi/JSooBidAL9Q/hqdefault.jpg,PT4M41S,82301,2235,126
DeiUWdIRYP4,ã€ ã‚¢ãƒ•ãƒ¬ã‚³ ã€‘ é¡ã‚ˆé¡ ã€Œ æ²–ç¸„ ã® è‹±èª (ã‚¦ãƒãƒŠãƒ¼ã‚¢ãƒŸãƒªã‚«ãƒ¼ã‚°ãƒ)ç·¨â‘  ãƒ¯ãƒ¼ãƒ©ãƒ¼ ã€ã€ æ²–ç¸„æ–¹è¨€ ã™ãã‚‹ ç™½é›ªå§« ã€‘ #shorts,rain@æ²–ç¸„æ–¹è¨€ã§æ­Œã£ã¦ã¿ãŸ,2024-11-05T08:45:00Z,æ²–ç¸„ ã®ãŠã˜ã„ã€ãŠã°ã‚ã¯ è‹±èª ã®ç™ºéŸ³ãŒå‡„ã„ãƒ»ãƒ»ãƒ»ï¼Ÿï¼ â‘ é«˜è©•ä¾¡   â‘¡å…±æœ‰ãƒ„ã‚¤ãƒ¼ãƒˆâ¦ â‘¢ã‚³ãƒ¡ãƒ³ãƒˆ   â‡¨ã“ã®ï¼“ã¤ã§ã‚ªã‚¹ã‚¹ãƒ¡ã«è¼‰ã‚Š ...,ã‚¦ãƒãƒŠãƒ¼ã‚°ãƒ,https://i.ytimg.com/vi/DeiUWdIRYP4/hqdefault.jpg,PT54S,2991146,92549,922
ysQ9cFSli-k,ã€æ–¹è¨€ ã§ æ­Œã£ã¦ã¿ãŸ ã€‘ æ²–ç¸„ å¥³æ€§ ãŒ æœ¬æ°—ã®ã‚¦ãƒãƒŠãƒ¼ã‚°ãƒã§ã€Œ ãƒ‡ãƒ“ãƒ«ãƒãƒ³ã®ã†ãŸ ã€ã€ ã‚¢ãƒ‹ã‚½ãƒ³ ã‚«ãƒãƒ¼ ã€‘devilman no uta,rain@æ²–ç¸„æ–¹è¨€ã§æ­Œã£ã¦ã¿ãŸ,2023-05-05T08:45:10Z,æ²–ç¸„æ–¹è¨€ ã§ ãƒ‡ãƒ“ãƒ«ãƒãƒ§ãƒƒãƒ—ã¯ãƒ‘ãƒ³ãƒåŠ›â†’ã€Œãƒã‚¸ãƒ ãƒ³æ‰‹ãƒ¼ã‚„ã€â—¯ãƒ¼ã”ãƒ¼ã•ãƒ¼ã€ æ¬¡ä½œâ‡¨ ...,ã‚¦ãƒãƒŠãƒ¼ã‚°ãƒ,https://i.ytimg.com/vi/ysQ9cFSli-k/hqdefault.jpg,PT3M3S,367158,7418,549
IQ8RHEbJ93Q,å¤§é˜ªå¼ã«é€†å¤‰æ›ï¼šæ²–ç¸„æ–¹è¨€ï¼ˆã†ã¡ãªãƒ¼ãã¡ï¼‰ãƒ©ãƒƒã‚¹ãƒ³ã‚´ãƒ¬ãƒ©ã‚¤ byã‚ã‚Šã‚“ãã‚Šã‚“,ã„ã‚ã‚†ã‚“ãª,2015-09-07T07:27:13Z,ã‚ã‚Šã‚“ãã‚Šã‚“ãŒã†ã¡ãªãƒ¼ãã¡ã«è¨³ã—ãŸãƒ©ãƒƒã‚¹ãƒ³ã‚´ãƒ¬ãƒ©ã‚¤ã‚’ã€å¤§é˜ªå¼ï¼ˆä¸­å—éƒ¨æ²³å†…å¯„ã‚Šï¼‰ã«è¨³ã—ç›´ã—ã¦ã¿ã¾ã—ãŸã€‚æ¨™æº–èªå­—å¹•ã¤ãã¯ ...,ã‚¦ãƒãƒŠãƒ¼ã‚°ãƒ,https://i.ytimg.com/vi/IQ8RHEbJ93Q/hqdefault.jpg,PT2M18S,1373414,7186,182
tJ-M56fq27Q,ãƒ©ã‚¸ã‚ªä½“æ“ç¬¬1 æ²–ç¸„ç·¨ã€ˆã‚¦ãƒãƒŠãƒ¼ã‚°ãƒVer.ã€‰,Release - Topic,2022-07-19T10:06:55Z,Provided to YouTube by King Records ãƒ©ã‚¸ã‚ªä½“æ“ç¬¬1 æ²–ç¸„ç·¨ã€ˆã‚¦ãƒãƒŠãƒ¼ã‚°ãƒVer.ã€‰ Â· Jun-Senshu ãŠã‚‰ãŒç”ºã®ãƒ©ã‚¸ã‚ªä½“æ“ã€ˆç¬¬1ã€‰ï½ ...,ã‚¦ãƒãƒŠãƒ¼ã‚°ãƒ,https://i.ytimg.com/vi/tJ-M56fq27Q/hqdefault.jpg,PT3M25S,85687,614,0
8Ydmw4Xie4k,ã€MVã€‘æ²–ç¸„æ–¹è¨€ã§ã€â™ªãƒãƒŠãƒŸã‚ºã‚­ã€æ­Œã£ã¦ã¿ãŸï¼ï¼ã€ç‰çƒç‹å›½æ™‚ä»£ã‚’å®Œå…¨å†ç¾ã€‘Acoustic cover by å®®åŸå¤éˆ´ã€Œãƒãƒ ã‚¬ãƒŠã‚µã€ã‚¹ãƒšã‚·ãƒ£ãƒ«ã‚³ãƒ©ãƒœï¼ï¼,Nanaironote,2021-04-25T03:57:43Z,ã‚ˆã‘ã‚Œã°ã€+ä¿å­˜ã€ãƒœã‚¿ãƒ³ã‚’æŠ¼ã—ã¦ãƒ—ãƒ¬ã‚¤ãƒªã‚¹ãƒˆã«å…¥ã‚Œã¦è´ã„ã¦ã­â–½ ...,ã‚¦ãƒãƒŠãƒ¼ã‚°ãƒ,https://i.ytimg.com/vi/8Ydmw4Xie4k/hqdefault.jpg,PT4M21S,724051,8579,384
xbSVxorsSFc,ã†ã¡ãªãƒ¼ãã¡(æ²–ç¸„æ–¹è¨€)è¨€ã£ã¦ã¿ãŸã€è½Ÿã¯ã˜ã‚/ReGLOSSã€‘#hololivedev_is,Hajime Ch. è½Ÿã¯ã˜ã‚ â€ ReGLOSS,2024-03-20T08:00:29Z,ãƒ›ãƒ­ãƒ©ã‚¤ãƒ–ãƒ—ãƒ­ãƒ€ã‚¯ã‚·ãƒ§ãƒ³ã‹ã‚‰æœªæˆå¹´ã®è¦–è´è€…ã®æ–¹ã€…ã¸ã®ãŠé¡˜ã„ [ã‚«ãƒãƒ¼ æœªæˆå¹´è€…ã®æ–¹ã€…ã¸]ã§æ¤œç´¢ã—ã¦ãŠèª­ã¿ã„ãŸã ãã‹ã€ä¸‹è¨˜ ...,ã‚¦ãƒãƒŠãƒ¼ã‚°ãƒ,https://i.ytimg.com/vi/xbSVxorsSFc/hqdefault.jpg,PT17S,211907,18468,598
CN9VZxrAdB8,ã€ ã‚¢ãƒ•ãƒ¬ã‚³ ç·é›†ç·¨ ã€‘é¡ã‚ˆé¡ã‚·ãƒªãƒ¼ã‚º2024ã€ æ²–ç¸„æ–¹è¨€ ã™ãã‚‹ ç™½é›ªå§«ã€€ä¸€æ°—è¦‹ ã¾ã¨ã‚ã€‘ã€€â€»å­ã©ã‚‚å‘ã‘ã‚³ãƒ³ãƒ†ãƒ³ãƒ„ã§ã¯ã‚ã‚Šã¾ã›ã‚“,rain@æ²–ç¸„æ–¹è¨€ã§æ­Œã£ã¦ã¿ãŸ,2025-01-01T08:45:06Z,æ²–ç¸„æ–¹è¨€ ã™ãã‚‹ ç™½é›ªå§« 2024å¹´ ç·é›†ç·¨ ã€‚å¶ãƒƒãƒ—ãƒ«å‰ã®å¥³ç‹æ§˜ã®æ¶™ãã¾ã—ã„åŠªåŠ›ã€‚ ã€ãƒãƒ£ãƒ³ãƒãƒ«ç™»éŒ²ã—ã¦æ–°ä½œ  å¾…ã£ã¡ã‚‡ãƒ¼ãã‚ˆãƒ¼ ...,ã‚¦ãƒãƒŠãƒ¼ã‚°ãƒ,https://i.ytimg.com/vi/CN9VZxrAdB8/hqdefault.jpg,PT42M36S,114070,3226,0
FfREmk4H38Y,æ¶™ãã†ãã†ï¼ ã‚¦ãƒãƒŠãƒ¼ã‚°ãƒ,kamadaa1,2011-06-27T06:13:36Z,ã‚®ã‚¿ãƒ¼ã¯å‰å·å¿ è‹±ã§ã™ã€‚,ã‚¦ãƒãƒŠãƒ¼ã‚°ãƒ,https://i.ytimg.com/vi/FfREmk4H38Y/hqdefault.jpg,PT3M10S,1319333,3761,131
Wb7XBYT17r8,ã€æ²–ç¸„èªã€‘ã‚¦ãƒãƒŠãƒ¼ã‚°ãƒã—ã‹ã‚ã‹ã‚‰ãªã„ã‚ªã‚¸ãƒ¼ã«å­«ãŒæ—¥æœ¬èªã§è©±ã—ãŸã‚‰å±ã‚‰ã‚ŒãŸw ã€ã†ã¡ãªãƒ¼ãã¡ãƒã‚¤ãƒ†ã‚£ãƒ–ã€‘ #shorts #æ²–ç¸„ #ã†ã¡ãªãƒ¼ãã¡,æ²–ç¸„ãƒã‚¹ã‚¿ãƒ¼ã¸ã®é“,2022-03-01T09:39:40Z,æ¯æ–¹ã®ã‚ªã‚¸ãƒ¼ã¯æ˜æ²»28å¹´ç”Ÿã¾ã‚Œã ã£ãŸã®ã§ã€æ—¥æœ¬èªãŒå…¨ãã‚ã‹ã‚‰ãªã‹ã£ãŸã‚ˆã†ã§ã€å­«ãŒè©±ã™æ—¥æœ¬èªãŒã•ã£ã±ã‚Šã‚ã‹ã‚‰ãªã„ãŸã‚ã« ...,ã‚¦ãƒãƒŠãƒ¼ã‚°ãƒ,https://i.ytimg.com/vi/Wb7XBYT17r8/hqdefault.jpg,PT1M13S,27046,252,20
RJOdYYcefNA,ã€ã‚¢ãƒ•ãƒ¬ã‚³ã€‘æ­Œã†ã¾ã ã‘ã©ã‚´ãƒªã‚´ãƒªæ–¹è¨€ç¦æ­¢! æ‡ã‹ã—ã® ã‚¢ãƒ‹ã‚½ãƒ³ ç·¨ ã¾ã¨ã‚ï¼‹ã‚ªãƒã‚±ã€ æ²–ç¸„æ–¹è¨€ ã™ãã‚‹ ç™½é›ªå§«ã€€æ­Œã£ã¦ã¿ãŸ ã€‘ â€»å­ã©ã‚‚å‘ã‘ã‚³ãƒ³ãƒ†ãƒ³ãƒ„ã§ã¯ã‚ã‚Šã¾ã›ã‚“,rain@æ²–ç¸„æ–¹è¨€ã§æ­Œã£ã¦ã¿ãŸ,2024-05-05T08:45:26Z,æ²–ç¸„æ–¹è¨€ ã™ãã‚‹ ç™½é›ªå§« æ‡ã‹ã— ã‚¢ãƒ‹ã‚½ãƒ³ ç·¨ã€‚æœ€å¾Œã«ã‚ªãƒã‚±ã‚‚ã‚ã‚‹ã‚ˆï¼ãƒ¤ãƒãƒˆã‚¥ã‚°ãƒã®ç·´ç¿’ã‚’ã™ã‚‹ç™½é›ªå§«ã‚¹ãƒ”ãƒ³ã‚ªãƒ•ã€‚,ã‚¦ãƒãƒŠãƒ¼ã‚°ãƒ,https://i.ytimg.com/vi/RJOdYYcefNA/hqdefault.jpg,PT3M37S,460753,9654,230
odDT9a9O4aM,ã€ã‚¢ãƒ•ãƒ¬ã‚³ã€‘çµ¶å¯¾ã«æ–¹è¨€ã§æ­Œã£ã¦ã¯ã„ã‘ãªã„ã€Œ A Whole New World / ã‚¢ãƒ©ã‚¸ãƒ³ã€ã€ æ²–ç¸„æ–¹è¨€ ã™ãã‚‹ ç™½é›ªå§«ã€€æ­Œã£ã¦ã¿ãŸã€‘ã€€#shorts â€»å­ã©ã‚‚å‘ã‘ã‚³ãƒ³ãƒ†ãƒ³ãƒ„ã§ã¯ã‚ã‚Šã¾ã›ã‚“,rain@æ²–ç¸„æ–¹è¨€ã§æ­Œã£ã¦ã¿ãŸ,2024-06-11T08:45:02Z,YouTubeã•ã‚“ï¼ã“ã‚Œã¯å­ã©ã‚‚å‘ã‘ã‚³ãƒ³ãƒ†ãƒ³ãƒ„ã§ã¯ãªã„ã§ã™ï¼ â‘ é«˜è©•ä¾¡   â‘¡å…±æœ‰ãƒ„ã‚¤ãƒ¼ãƒˆâ¦ â‘¢ã‚³ãƒ¡ãƒ³ãƒˆ   â‡¨ã“ã®ï¼“ã¤ã§ã‚ªã‚¹ã‚¹ãƒ¡ã« ...,ã‚¦ãƒãƒŠãƒ¼ã‚°ãƒ,https://i.ytimg.com/vi/odDT9a9O4aM/hqdefault.jpg,PT55S,607992,19818,0
58tqZ_hU8hc,æ²–ç¸„ã«ç§»ä½ã—ãŸã‚‰ã¾ãšè¦šãˆã‚‹ã†ã¡ãªãƒ¼ãã¡ã€€#shorts,æ²–æ±äº¤é€šã‚°ãƒ«ãƒ¼ãƒ—å…¬å¼,2024-07-05T10:30:01Z,,ã‚¦ãƒãƒŠãƒ¼ã‚°ãƒ,https://i.ytimg.com/vi/58tqZ_hU8hc/hqdefault.jpg,PT57S,11499,224,10
QtrjTovnGgU,ã€ã‚¢ãƒ•ãƒ¬ã‚³ã€‘ æ²–ç¸„æ–¹è¨€ ã™ãã‚‹ ç™½é›ªå§«ã€è¡æ’ƒã® ãƒ‡ã‚£ã‚ºãƒ‹ãƒ¼ ã‚³ãƒ©ãƒœ PART1ã€æ±åŒ—å¼ ã‚·ãƒ³ãƒ‡ãƒ¬ãƒ©ã€‘,rain@æ²–ç¸„æ–¹è¨€ã§æ­Œã£ã¦ã¿ãŸ,2023-12-03T08:45:09Z,ã¿ã‚“ãªã‚‚ æ–¹è¨€ ã‚²ãƒ¼ãƒ ã«æŒ‘æˆ¦ã—ã‚ˆã†ï¼ æ¬¡ã‚³ãƒ©ãƒœâ‡¨ https://www.youtube.com/watch?v=wVoSfKCidrE ã€ã‚³ãƒ©ãƒœç›¸æ‰‹ã€Œã“ãŸãƒã‚¹ã‚¯ã€æ§˜ ...,ã‚¦ãƒãƒŠãƒ¼ã‚°ãƒ,https://i.ytimg.com/vi/QtrjTovnGgU/hqdefault.jpg,PT2M21S,726666,20602,653
DhVzAWjXeHc,ã€ãƒ•ãƒ«ã¯èª¬æ˜æ¬„â— ã‚¢ãƒ•ãƒ¬ã‚³ ã€‘çµ¶å¯¾ã«æ–¹è¨€ã§æ­Œã£ã¦ã¯ã„ã‘ãªã„ã€Œ ã†ã£ã›ã‡ã‚ ã€ã€ æ²–ç¸„æ–¹è¨€ ã™ãã‚‹ ç™½é›ªå§« ãƒ•ãƒ«ã‚‚ã‚ã‚‹ã‚ˆç·¨ã€€æ­Œã£ã¦ã¿ãŸ ã€‘#shorts,rain@æ²–ç¸„æ–¹è¨€ã§æ­Œã£ã¦ã¿ãŸ,2025-02-15T08:45:00Z,ã†ã£ã›ã‡ã‚ ( æ²–ç¸„æ–¹è¨€ ) â‘ é«˜è©•ä¾¡   â‘¡å…±æœ‰ãƒ„ã‚¤ãƒ¼ãƒˆâ¦ â‘¢ã‚³ãƒ¡ãƒ³ãƒˆ   â‡¨ã“ã®ï¼“ã¤ã§ã‚ªã‚¹ã‚¹ãƒ¡ã«è¼‰ã‚Šã‚„ã™ããªã‚‹ã£ã¦!! ä»–ã®æ²–ç¸„æ–¹è¨€ ...,ã‚¦ãƒãƒŠãƒ¼ã‚°ãƒ,https://i.ytimg.com/vi/DhVzAWjXeHc/hqdefault.jpg,PT1M19S,22290,677,24
577tfUe1yRg,ã€ æ–¹è¨€ ã§ æ­Œã£ã¦ã¿ãŸã€‘ æ²–ç¸„ å¥³æ€§ãŒ ã‚‚ã®ã®ã‘å§« ã‚’ã‚¦ãƒãƒŠãƒ¼ã‚°ãƒã§æ­Œã†ã¨ã¾ã‚‹ã§ç¥ã®è¨€è‘‰ã€ä¸‰ç·šã€‘,rain@æ²–ç¸„æ–¹è¨€ã§æ­Œã£ã¦ã¿ãŸ,2023-11-25T08:45:00Z,æ²–ç¸„ æ–¹è¨€ æ­Œã¿ãŸ æ¬¡ä½œâ‡¨ https://www.youtube.com/watch?v=q1EwWXO9yis&t=0s å‰ä½œâ‡¨ ...,ã‚¦ãƒãƒŠãƒ¼ã‚°ãƒ,https://i.ytimg.com/vi/577tfUe1yRg/hqdefault.jpg,PT3M25S,67462,2709,199
2R0_cB2kZHE,ã€ã‚¢ãƒ•ãƒ¬ã‚³ã€‘çµ¶å¯¾ã«æ–¹è¨€ã§æ­Œã£ã¦ã¯ã„ã‘ãªã„ã€Œ if... ã€ã€ æ²–ç¸„æ–¹è¨€ ã™ãã‚‹ ç™½é›ªå§«ã€€æ­Œã£ã¦ã¿ãŸã€‘ã€€#shorts â€»å­ã©ã‚‚å‘ã‘ã‚³ãƒ³ãƒ†ãƒ³ãƒ„ã§ã¯ã‚ã‚Šã¾ã›ã‚“,rain@æ²–ç¸„æ–¹è¨€ã§æ­Œã£ã¦ã¿ãŸ,2024-05-23T08:45:00Z,YouTubeã•ã‚“ï¼ã“ã‚Œã¯å­ã©ã‚‚å‘ã‘ã‚³ãƒ³ãƒ†ãƒ³ãƒ„ã§ã¯ãªã„ã§ã™ï¼ â‘ é«˜è©•ä¾¡   â‘¡å…±æœ‰ãƒ„ã‚¤ãƒ¼ãƒˆâ¦ â‘¢ã‚³ãƒ¡ãƒ³ãƒˆ   â‡¨ã“ã®ï¼“ã¤ã§ã‚ªã‚¹ã‚¹ãƒ¡ã« ...,ã‚¦ãƒãƒŠãƒ¼ã‚°ãƒ,https://i.ytimg.com/vi/2R0_cB2kZHE/hqdefault.jpg,PT58S,4211219,130494,801
tnz2qyuvFVM,ã€ã‚¢ãƒ•ãƒ¬ã‚³ã€‘ æ²–ç¸„æ–¹è¨€ ã™ãã‚‹ ãƒ­ãƒ¼ãƒã®ä¼‘æ—¥ã€å‰ç·¨ ã¾ã¨ã‚ ã€œ æ²–ç¸„è¦³å…‰ ã™ã‚‹ç‹å¥³ã€œ ãƒŸãƒãƒã®ä¼‘æ—¥ã€‘,rain@æ²–ç¸„æ–¹è¨€ã§æ­Œã£ã¦ã¿ãŸ,2024-04-27T08:45:31Z,æ²–ç¸„è¦³å…‰ ã™ã‚‹ç‹å¥³ã€ã‚¢ãƒ¡å¥³ã‚’ç›®æŒ‡ã™ã€‚ï¼‘è©±ï¼ˆ2024/01/27å…¬é–‹ï¼‰ã€œï¼•è©±ï¼ˆ04/20ã«å…¬é–‹ï¼‰ã¾ã¨ã‚ã€‚èª¤å­—ã€è¨€ã„é–“é•ã„ä¿®æ­£ï¼ å¾Œç·¨â‡¨ ...,ã‚¦ãƒãƒŠãƒ¼ã‚°ãƒ,https://i.ytimg.com/vi/tnz2qyuvFVM/hqdefault.jpg,PT18M27S,147888,3618,144
JWQMMDKbEec,æ¶™ãã†ãã†ï¼ˆã‚¦ãƒãƒŠãƒ¼ã‚°ãƒãƒ»ãƒãƒ¼ã‚¸ãƒ§ãƒ³ï¼‰,Rimi Natsukawa - Topic,2018-07-09T23:27:47Z,Provided to YouTube by JVCKENWOOD Victor Entertainment Corp. æ¶™ãã†ãã†ï¼ˆã‚¦ãƒãƒŠãƒ¼ã‚°ãƒãƒ»ãƒãƒ¼ã‚¸ãƒ§ãƒ³ï¼‰ Â· Rimi Natsukawa ...,ã‚¦ãƒãƒŠãƒ¼ã‚°ãƒ,https://i.ytimg.com/vi/JWQMMDKbEec/hqdefault.jpg,PT4M16S,161003,1114,7
0VryKXAtges,ã˜ã‚…ã‚“é¸æ‰‹ãŒæœ¬æ°—ã§æ²–ç¸„æ–¹è¨€ï¼ˆã‚¦ãƒãƒŠãƒ¼ã‚°ãƒï¼‰ã§å–‹ã£ã¦ã¿ãŸï¼ã€ã˜ã‚…ã‚“é¸æ‰‹ã®ç”Ÿã„ç«‹ã¡ã€‘,ãŠããªã‚ã¡ã‚ƒã‚“ã­ã‚‹,2025-02-13T09:13:00Z,ã‚‚ã£ã¨ãŠããªã‚ã¡ã‚ƒã‚“ã­ã‚‹ã¯ã“ã¡ã‚‰âœ¨âœ¨ https://www.youtube.com/channel/UCL328S5GUwMbgE1L33jqIXA â–½ãŠããªã‚ ...,ã‚¦ãƒãƒŠãƒ¼ã‚°ãƒ,https://i.ytimg.com/vi/0VryKXAtges/hqdefault.jpg,PT21M5S,46964,2234,159
-dQAlfy36D0,ã€ã‚¢ãƒ•ãƒ¬ã‚³ã€‘çµ¶å¯¾ã«æ–¹è¨€ã§æ­Œã£ã¦ã¯ã„ã‘ãªã„ã€Œ ã‚µã‚¦ãƒ€ãƒ¼ã‚¸ / ãƒãƒ«ãƒã‚°ãƒ©ãƒ•ã‚£ãƒ†ã‚£ ã€ã€ æ²–ç¸„æ–¹è¨€ ã™ãã‚‹ ç™½é›ªå§« ãƒ¡ãƒ³ãƒãƒ¼ãƒªã‚¯ã‚¨ã‚¹ãƒˆç·¨ã€€æ­Œã£ã¦ã¿ãŸã€‘#shorts â€»å­ã©ã‚‚å‘ã‘ã‚³ãƒ³ãƒ†ãƒ³ãƒ„ã§ã¯ã‚ã‚Šã¾ã›ã‚“,rain@æ²–ç¸„æ–¹è¨€ã§æ­Œã£ã¦ã¿ãŸ,2024-07-08T08:45:00Z,ã‚µã‚¦ãƒ€ãƒ¼ã‚¸ ãƒãƒ£ãƒ¬ãƒ³ã‚¸ï¼( æ²–ç¸„æ–¹è¨€ ) Katagenã•ã‚“ãƒªã‚¯æ›²ï¼ ãƒ¡ãƒ³ãƒãƒ¼ã®çš†æ§˜ã€ãƒªã‚¯ã‚¨ã‚¹ãƒˆã‚ã‚ŠãŒã¨ã†ã”ã–ã„ã¾ã—ãŸï¼ â‘ é«˜è©•ä¾¡   â‘¡ ...,ã‚¦ãƒãƒŠãƒ¼ã‚°ãƒ,https://i.ytimg.com/vi/-dQAlfy36D0/hqdefault.jpg,PT44S,3246846,107869,459
Gd_4XbXRk2A,ã€ ã‚¢ãƒ•ãƒ¬ã‚³ ã€‘ é¡ã‚ˆé¡ ã€Œ ä¼¼ãŸã‚ˆã†ãªç™ºéŸ³ç·¨â‘¢ ã„ã„ ã€ã€ æ²–ç¸„ æ–¹è¨€ ã™ãã‚‹ ç™½é›ªå§« ã€‘ #shorts â€»å­ã©ã‚‚å‘ã‘ã‚³ãƒ³ãƒ†ãƒ³ãƒ„ã§ã¯ã‚ã‚Šã¾ã›ã‚“,rain@æ²–ç¸„æ–¹è¨€ã§æ­Œã£ã¦ã¿ãŸ,2025-04-04T08:45:02Z,æ²–ç¸„ æ–¹è¨€ ç‰ˆ ã€Œã™ã‚‚ã‚‚ã‚‚â€¦ã€ã¿ãŸã„ãªã€‚â€»æ²–ç¸„ã§ã‚‚é€šã˜ã¾ã›ã‚“ã€‚ â‘ é«˜è©•ä¾¡   â‘¡å…±æœ‰ãƒ„ã‚¤ãƒ¼ãƒˆâ¦ â‘¢ã‚³ãƒ¡ãƒ³ãƒˆ   â‡¨ã“ã®ï¼“ã¤ã§ ...,ã‚¦ãƒãƒŠãƒ¼ã‚°ãƒ,https://i.ytimg.com/vi/Gd_4XbXRk2A/hqdefault.jpg,PT45S,912525,15065,319
OrID8bAsrwA,ã«ã‚“ã’ã‚“ã£ã¦ã„ã„ãª ã†ã¡ãªãƒ¼ãã¡Ver.,æ ¹é–“ã†ã„ã¡ã‚ƒã‚“ã­ã‚‹,2019-07-09T11:00:03Z,ãƒãƒ¼ãƒãƒ£ãƒ«ãƒ©ã‚¤ãƒ–ã€ã†ã„ã°ãƒ¼ã™ LIVE IN OKINAWA JAPAN VIRTUAL FESã€ã‚ªãƒ•ã‚£ã‚·ãƒ£ãƒ«ã‚°ãƒƒã‚ºè²©å£²ä¸­ï¼,ã‚¦ãƒãƒŠãƒ¼ã‚°ãƒ,https://i.ytimg.com/vi/OrID8bAsrwA/hqdefault.jpg,PT2M11S,401389,6662,577
a6qaT1SNq8k,ã€æ¶™ãã†ãã†ã€  ã‚¦ãƒãƒŠãƒ¼ã‚°ãƒLIVE  â˜†  å¤å·ã‚Šã¿    Rimi Natsukawa,æ±äº¬ ã€Œ å¤å·ã‚Šã¿ ã€ å€¶æ¥½éƒ¨ â˜†.ã€‚.:*ãƒ» Rimi Natsukawa in club Tokyo!,2016-01-12T11:42:51Z,ã€æ¶™ãã†ãã†ã€ ã‚¦ãƒãƒŠãƒ¼ã‚°ãƒLIVE â˜† å¤å·ã‚Šã¿ Rimi Natsukawa â˜†å¤å·ã‚Šã¿ã®æ­Œå£°ã®æœ€å¤§ã®ç†è§£è€…ã§ã‚ã‚‹ é†é†å¼˜ç¾ã•ã‚“ã® ...,ã‚¦ãƒãƒŠãƒ¼ã‚°ãƒ,https://i.ytimg.com/vi/a6qaT1SNq8k/hqdefault.jpg,PT4M19S,116727,725,42
QEpvzyILKlk,ã€ã‚¢ãƒ•ãƒ¬ã‚³ã€‘é¡ã‚ˆé¡ã€æ²–ç¸„ã®åå‰ç·¨ã€ ã¾ã¨ã‚ ï¼‹ã‚ªãƒã‚±ã€ æ²–ç¸„æ–¹è¨€ ã™ãã‚‹ ç™½é›ªå§« ã€‘,rain@æ²–ç¸„æ–¹è¨€ã§æ­Œã£ã¦ã¿ãŸ,2024-02-17T08:45:09Z,æ²–ç¸„æ–¹è¨€ ã™ãã‚‹ ç™½é›ªå§« ï½æ²–ç¸„ã®åå‰ç·¨ï½ æœ€å¾Œã«ã‚ªãƒã‚±ã‚‚ã‚ã‚‹ã‚ˆï¼å¶ãƒƒãƒ—ãƒ«å‰ã®å¥³ç‹æ§˜ã®æ¶™ãã¾ã—ã„åŠªåŠ›ã€‚,ã‚¦ãƒãƒŠãƒ¼ã‚°ãƒ,https://i.ytimg.com/vi/QEpvzyILKlk/hqdefault.jpg,PT4M36S,256193,5905,199
BZQ1KPQHgl4,ã€æ²–ç¸„èªãƒ»æ—¥æœ¬èªè¨³ä»˜ã€‘ãƒ•ãƒ«ã†ã¡ãªãƒ¼ãã¡ã§æˆ¦ä¸­ãƒ»æˆ¦å¾Œã®é£Ÿã¹ç‰©ãŒç„¡ã„æ™‚ä»£ã®è©± #ã†ã¡ãªãƒ¼ãã¡ #okinawan,æ²–ç¸„ãƒã‚¹ã‚¿ãƒ¼ã¸ã®é“,2024-11-30T15:22:49Z,æ¯ã¨ãŠã°ã•ã‚“ã¯ç³¸æº€ã®å¤§åº¦å‡ºèº«ã§ã€ãŠã°ã•ã‚“ã¯ç³¸æº€ã®å®‡æ±ŸåŸã«å«ã„ã ã®ã§ã€å¤§åº¦è¨€è‘‰ã«å®‡æ±ŸåŸã®è¨€è‘‰ã‚‚æ··ã˜ã£ã¦ã‚‹ãã†ã§ã™.,ã‚¦ãƒãƒŠãƒ¼ã‚°ãƒ,https://i.ytimg.com/vi/BZQ1KPQHgl4/hqdefault.jpg,PT7M,881,45,9
cKJWlWFOhxY,ã‚­ãƒ£ãƒ©ãŒå¼·ã™ããªæ²–ç¸„ã®ãŠã°ã‚ãŒç¶šã€…ï¼ã€ç§˜å¯†ã®ã‚±ãƒ³ãƒŸãƒ³SHOWæ¥µå…¬å¼|2019å¹´5æœˆ16æ—¥ æ”¾é€ã€‘,ã€å…¬å¼ã€‘ç§˜å¯†ã®ã‚±ãƒ³ãƒŸãƒ³SHOWæ¥µ,2023-04-07T11:00:31Z,ãƒãƒ£ãƒ³ãƒãƒ«ç™»éŒ²â˜†ã¯ã“ã¡ã‚‰ï¼ â‡’ https://www.youtube.com/@kenmin_kiwami â–½ã€æ–¹è¨€ã€‘ã‚ãªãŸã¯èãå–ã‚Œã‚‹ï¼Ÿæ–¹è¨€ç‰¹é›† ...,ã‚¦ãƒãƒŠãƒ¼ã‚°ãƒ,https://i.ytimg.com/vi/cKJWlWFOhxY/hqdefault.jpg,PT6M47S,1064930,7447,271
N5PwBXNY8jw,æ²–ç¸„ã®æ­Œå§«2äººã®é€ãé€šã‚‹ç™’ã—ãƒœã‚¤ã‚¹ã€ä¸‰ç·šã®èŠ± / BEGINã€æ²–ç¸„æ–¹è¨€ã§æ­Œã£ãŸã‚‰ã€ãªã‚“ã ã‹æ‡ã‹ã—ã„æ°—æŒã¡ã«ãªã£ãŸï¼Nanaironote feat. ç”°ç¦çœŸç¾ &amp; çŸ³å¶ºæ„›è‰ã€4KMVã€‘,Nanaironote,2022-12-07T12:00:08Z,Nanaironote Project Vol.53 â–½ã‚ˆã‘ã‚Œã°ã€+ä¿å­˜ã€ãƒœã‚¿ãƒ³ã‚’æŠ¼ã—ã¦ãƒ—ãƒ¬ã‚¤ãƒªã‚¹ãƒˆã«å…¥ã‚Œã¦è´ã„ã¦ã­â–½ ...,ã‚¦ãƒãƒŠãƒ¼ã‚°ãƒ,https://i.ytimg.com/vi/N5PwBXNY8jw/hqdefault.jpg,PT5M13S,2542621,17187,504
Vesck-FX5ec,æ¥½ã—ãå­¦ã¹ã‚‹æ²–ç¸„æ–¹è¨€Vol.1,ãŠããªã‚ã¡ã‚ƒã‚“ã­ã‚‹,2022-02-11T10:00:14Z,ã†ã¡ãªãƒ¼èŠ¸äººã®ã€Œã˜ã‚…ã‚“é¸æ‰‹ã€ã®èãæµã—æ²–ç¸„æ–¹è¨€è¬›åº§ã€Œã‚¦ãƒãƒŠãƒ¼ã‚°ãƒãƒ©ãƒ¼ãƒ‹ãƒ³ã‚°ã€â™ª ä»Šæ—¥ã¯æ²–ç¸„æ–¹è¨€ã§ã‚‚ã‚ˆãä½¿ã†è¨€è‘‰ã‚’ã€ ...,ã‚¦ãƒãƒŠãƒ¼ã‚°ãƒ,https://i.ytimg.com/vi/Vesck-FX5ec/hqdefault.jpg,PT9M6S,98345,2357,109
f0R-AdM1ILE,ã€æ²–ç¸„ã€‘ç™ºéŸ³ã§æ„å‘³ãŒå¤‰åŒ–ã™ã‚‹ã‚¦ãƒãƒŠãƒ¼ã‚°ãƒã€ç§˜å¯†ã®ã‚±ãƒ³ãƒŸãƒ³SHOWæ¥µå…¬å¼|2022å¹´7æœˆ7æ—¥ æ”¾é€ã€‘,ã€å…¬å¼ã€‘ç§˜å¯†ã®ã‚±ãƒ³ãƒŸãƒ³SHOWæ¥µ,2023-06-19T10:17:45Z,æœ¬ç·¨ã¯ã‚³ãƒãƒ©ã‹ã‚‰â™ª ã‚¢ãƒŠã‚¿ã«ã¯ã‚ã‹ã‚‹ï¼ï¼Ÿæ¿€ãƒ ã‚ºæ²–ç¸„å¼ https://youtu.be/rJWjQZgm5ss ç§˜å¯†ã®ã‚±ãƒ³ãƒŸãƒ³SHOWæ¥µã®éå»æ”¾é€å›ã‚’ ...,ã‚¦ãƒãƒŠãƒ¼ã‚°ãƒ,https://i.ytimg.com/vi/f0R-AdM1ILE/hqdefault.jpg,PT56S,38735,499,3
kglRoOxwjII,ã€ æ–¹è¨€ ã§ æ­Œã£ã¦ã¿ãŸ ã€‘ æ²–ç¸„ å¥³æ€§ ãŒã‚¬ãƒã®ã€Œ æ®‹é…·ãªå¤©ä½¿ã®ãƒ†ãƒ¼ã‚¼ ã‚¨ãƒ´ã‚¡ãƒ³ã‚²ãƒªã‚ªãƒ³ ã€ã‚¦ãƒãƒŠãƒ¼ã‚°ãƒ ver. ã‚ˆã€ç¥è©±ã«ãªã‚Œï¼ã€æ­Œã„æ‰‹ç”²å­åœ’2023æ˜¥ è¥¿è» Jã‚¢ãƒ‹ã€‘,rain@æ²–ç¸„æ–¹è¨€ã§æ­Œã£ã¦ã¿ãŸ,2023-03-24T08:45:06Z,çŸ¥ã‚‰ãªã„è¨€è‘‰ã™ãã¦ã©ã‚“ãªé¡”ã—ãŸã‚‰ã„ã„ã‹ã‚ã‹ã‚‰ã„çš†ã€ç¬‘ãˆã°ã„ã„ã¨æ€ã†ã‚ˆ æ¬¡ä½œâ‡¨ ...,ã‚¦ãƒãƒŠãƒ¼ã‚°ãƒ,https://i.ytimg.com/vi/kglRoOxwjII/hqdefault.jpg,PT4M5S,140766,3569,173
1BBBXhwqygg,ã€ ã‚¢ãƒ•ãƒ¬ã‚³ ã€‘æ­Œã†ã¾ã ã‘ã©ã‚´ãƒªã‚´ãƒªæ–¹è¨€ç¦æ­¢! æ˜­å’Œã®åæ›² ç·¨ ã¾ã¨ã‚ ã€ æ²–ç¸„ æ–¹è¨€ ã™ãã‚‹ ç™½é›ªå§«ã€€æ­Œã£ã¦ã¿ãŸ ã€‘ â€»å­ã©ã‚‚å‘ã‘ã‚³ãƒ³ãƒ†ãƒ³ãƒ„ã§ã¯ã‚ã‚Šã¾ã›ã‚“,rain@æ²–ç¸„æ–¹è¨€ã§æ­Œã£ã¦ã¿ãŸ,2025-03-20T08:45:06Z,æ²–ç¸„æ–¹è¨€ ã™ãã‚‹ ç™½é›ªå§« æ˜­å’Œã®åæ›² ç·¨ã€‚ãƒ¤ãƒãƒˆã‚¥ã‚°ãƒã‚’ç·´ç¿’ã™ã‚‹ç™½é›ªå§«ã‚¹ãƒ”ãƒ³ã‚ªãƒ•ã€‚ ã€ãƒãƒ£ãƒ³ãƒãƒ«ç™»éŒ²ã—ã¦æ¬¡å›ä½œ  å¾…ã£ã¡ã‚‡ãƒ¼ã ...,ã‚¦ãƒãƒŠãƒ¼ã‚°ãƒ,https://i.ytimg.com/vi/1BBBXhwqygg/hqdefault.jpg,PT9M48S,387747,3689,63
06no06juudY,æ—¥ç³»ãƒ–ãƒ©ã‚¸ãƒ«äººã®æ²–ç¸„æ–¹è¨€ï¼ˆã‚¦ãƒãƒŠãƒ¼ã‚°ãƒï¼‰ãŒãƒ¬ãƒ™ãƒã ã£ãŸã€ã˜ã‚…ã‚“é¸æ‰‹æ„Ÿå‹•ã€‘,ãŠããªã‚ã¡ã‚ƒã‚“ã­ã‚‹,2022-12-05T09:13:01Z,ãƒã‚¤ã‚µã‚¤â™ª ä»Šå›ã¯ã€5å¹´ã«ä¸€åº¦é–‹å‚¬ã•ã‚Œã‚‹ã€Œä¸–ç•Œã®ã‚¦ãƒãƒŠãƒ¼ãƒ³ãƒãƒ¥å¤§ä¼šã€ã§ã‚¤ãƒ³ã‚¿ãƒ“ãƒ¥ãƒ¼ã—ã¦ãã¾ã—ãŸï¼ï¼ æ—¥ç³»ãƒ–ãƒ©ã‚¸ãƒ«äººã® ...,ã‚¦ãƒãƒŠãƒ¼ã‚°ãƒ,https://i.ytimg.com/vi/06no06juudY/hqdefault.jpg,PT8M54S,89598,1857,73
G7UJbxfJYYo,ã€ã‚¢ãƒ•ãƒ¬ã‚³ã€‘ é¡ã‚ˆé¡ ã€œã€Œã‚³ãƒ¼ãƒ©ã€&quot;ã˜ã‚…ã‚“é¸æ‰‹&quot;ã¨è¡æ’ƒã‚³ãƒ©ãƒœç·¨â‘¡ï½ã€æ²–ç¸„æ–¹è¨€ ã™ãã‚‹ ç™½é›ªå§«ã€‘ #shorts,rain@æ²–ç¸„æ–¹è¨€ã§æ­Œã£ã¦ã¿ãŸ,2024-02-26T08:45:01Z,ã‚ãã¾ã§å†—è«‡ã§ã™ã‹ã‚‰ã­ã€å¥³ç‹ï¼ â‘ é«˜è©•ä¾¡   â‘¡å…±æœ‰ãƒ„ã‚¤ãƒ¼ãƒˆâ¦ â‘¢ã‚³ãƒ¡ãƒ³ãƒˆ   â‡¨ã“ã®ï¼“ã¤ã§ã‚ªã‚¹ã‚¹ãƒ¡ã«è¼‰ã‚Šã‚„ã™ããªã‚‹ã£ã¦!,ã‚¦ãƒãƒŠãƒ¼ã‚°ãƒ,https://i.ytimg.com/vi/G7UJbxfJYYo/hqdefault.jpg,PT59S,251644,8787,145
2vgcLWsxTe8,ã€ ã‚¢ãƒ•ãƒ¬ã‚³ ã€‘ç‹å­ã®ãŠã¼ãˆæ­Œã€Œ æ²–ç¸„ ã® åå­— ç·¨â‘¡ã€€ãƒ­ãƒ“ãƒ³ã‚½ãƒ³ ã€ã€ æ²–ç¸„æ–¹è¨€ ã™ãã‚‹ ç™½é›ªå§« ã€‘ã€ æ›¿ãˆæ­Œ æ­Œã£ã¦ã¿ãŸ ã€‘ #shorts â€»å­ã©ã‚‚å‘ã‘ã‚³ãƒ³ãƒ†ãƒ³ãƒ„ã§ã¯ã‚ã‚Šã¾ã›ã‚“,rain@æ²–ç¸„æ–¹è¨€ã§æ­Œã£ã¦ã¿ãŸ,2025-05-04T08:45:00Z,æ²–ç¸„ ã® åå­— ç·¨ã€‚ç‹å­ã®ãŠã¼ãˆæ­Œã‚·ãƒªãƒ¼ã‚ºã€Œ ãƒ­ãƒ“ãƒ³ã‚½ãƒ³ / ã‚¹ãƒ”ãƒƒãƒ„ ã€ â‘ é«˜è©•ä¾¡   â‘¡å…±æœ‰ãƒ„ã‚¤ãƒ¼ãƒˆâ¦ â‘¢ã‚³ãƒ¡ãƒ³ãƒˆ   â‡¨ã“ã®ï¼“ã¤ã§ ...,ã‚¦ãƒãƒŠãƒ¼ã‚°ãƒ,https://i.ytimg.com/vi/2vgcLWsxTe8/hqdefault.jpg,PT1M,1551211,23992,800
EQiMcvs5W70,ã€ ã‚¢ãƒ•ãƒ¬ã‚³ ã€‘ é¡ã‚ˆé¡ ã€Œ ä¼¼ãŸã‚ˆã†ãªç™ºéŸ³ç·¨â‘¤ ã¬ ã€ã€ æ²–ç¸„ æ–¹è¨€ ã™ãã‚‹ ç™½é›ªå§« ã€‘ #shorts â€»å­ã©ã‚‚å‘ã‘ã‚³ãƒ³ãƒ†ãƒ³ãƒ„ã§ã¯ã‚ã‚Šã¾ã›ã‚“,rain@æ²–ç¸„æ–¹è¨€ã§æ­Œã£ã¦ã¿ãŸ,2025-04-08T08:45:02Z,æ²–ç¸„ æ–¹è¨€ ç‰ˆ ã€Œã™ã‚‚ã‚‚ã‚‚â€¦ã€ã¿ãŸã„ãªã€‚â€»æ²–ç¸„ã§ã‚‚é€šã˜ã¾ã›ã‚“ã€‚ â‘ é«˜è©•ä¾¡   â‘¡å…±æœ‰ãƒ„ã‚¤ãƒ¼ãƒˆâ¦ â‘¢ã‚³ãƒ¡ãƒ³ãƒˆ   â‡¨ã“ã®ï¼“ã¤ã§ ...,ã‚¦ãƒãƒŠãƒ¼ã‚°ãƒ,https://i.ytimg.com/vi/EQiMcvs5W70/hqdefault.jpg,PT21S,141071,2886,61
l5yO7mMJ2Xk,ã€ ã‚¢ãƒ•ãƒ¬ã‚³ ã€‘ é¡ã‚ˆé¡ ã€Œ ä¼¼ãŸã‚ˆã†ãªç™ºéŸ³ç·¨â‘  ã—ã˜ ã€ã€ æ²–ç¸„ æ–¹è¨€ ã™ãã‚‹ ç™½é›ªå§« ã€‘ #shorts â€»å­ã©ã‚‚å‘ã‘ã‚³ãƒ³ãƒ†ãƒ³ãƒ„ã§ã¯ã‚ã‚Šã¾ã›ã‚“,rain@æ²–ç¸„æ–¹è¨€ã§æ­Œã£ã¦ã¿ãŸ,2025-03-31T09:15:21Z,æ²–ç¸„ æ–¹è¨€ ç‰ˆ ã€Œã™ã‚‚ã‚‚ã‚‚â€¦ã€ã¿ãŸã„ãªã€‚â€»æ²–ç¸„ã§ã‚‚é€šã˜ã¾ã›ã‚“ã€‚ â‘ é«˜è©•ä¾¡   â‘¡å…±æœ‰ãƒ„ã‚¤ãƒ¼ãƒˆâ¦ â‘¢ã‚³ãƒ¡ãƒ³ãƒˆ   â‡¨ã“ã®ï¼“ã¤ã§ ...,ã‚¦ãƒãƒŠãƒ¼ã‚°ãƒ,https://i.ytimg.com/vi/l5yO7mMJ2Xk/hqdefault.jpg,PT44S,633442,11794,323
U8N6z03u3IA,ã€ã‚¢ãƒ•ãƒ¬ã‚³ã€‘é¡ã‚ˆé¡ æ²–ç¸„ã® ãŠç›† ç·¨ ã¾ã¨ã‚ ï¼‹ã‚ªãƒã‚±ã€ æ²–ç¸„æ–¹è¨€ ã™ãã‚‹ ç™½é›ªå§«ã€‘,rain@æ²–ç¸„æ–¹è¨€ã§æ­Œã£ã¦ã¿ãŸ,2024-08-17T08:45:07Z,æ²–ç¸„æ–¹è¨€ ã™ãã‚‹ ç™½é›ªå§« ãŠç›† ç·¨ã€‚ã‚ªãƒã‚±ã‚‚ã‚ã‚‹ã‚ˆï¼å¶ãƒƒãƒ—ãƒ«å‰ã®å¥³ç‹æ§˜ã®æ¶™ãã¾ã—ã„åŠªåŠ›ã€‚ æ¬¡ä½œâ‡¨ https://youtu.be/3Gq-1I0XAhM ...,ã‚¦ãƒãƒŠãƒ¼ã‚°ãƒ,https://i.ytimg.com/vi/U8N6z03u3IA/hqdefault.jpg,PT4M21S,133373,3372,142
x8xPcf-XuOw,æ²–ç¸„æ–¹è¨€ã‚’10åˆ†å¾Œã«æ­£ã—ãä½¿ãˆã‚‹æ²–ç¸„æ–¹è¨€è¬›åº§(ã‚¦ãƒãƒŠãƒ¼ã‚°ãƒ),Youä¸­éƒ¨Okinawa,2021-10-15T11:15:03Z,æ²–ç¸„çœŒæ°‘å¿…è¦‹!!ã‚ãªãŸã‚‚ãã£ã¨é–“é•ã£ã¦ä½¿ã£ã¦ã„ã‚‹ã¯ãš!!æ²–ç¸„æ–¹è¨€è¬›åº§( *Â´è‰¸ï½€) ãšã£ã¨é–“é•ã£ã¦ä½¿ã£ã¦ã„ãŸãªã‚“ã¦   çš†ã•ã‚“ã¯ã©ã†ã§ ...,ã‚¦ãƒãƒŠãƒ¼ã‚°ãƒ,https://i.ytimg.com/vi/x8xPcf-XuOw/hqdefault.jpg,PT10M9S,19210,498,47
-azFAf-W_yI,Amazing Grace æ²–ç¸„å£ï¼ˆã‚¦ãƒãƒŠãƒ¼ã‚°ãƒï¼‰- å¤å·ã‚Šã¿,pgc01,2011-02-22T08:22:22Z,å¤å·ã‚Šã¿ 2009.,ã‚¦ãƒãƒŠãƒ¼ã‚°ãƒ,https://i.ytimg.com/vi/-azFAf-W_yI/hqdefault.jpg,PT3M23S,55161,265,17
dABV_gCtaHA,ã‚ªãƒãƒ¼ã«æ²–ç¸„ã®æ–¹è¨€ã‚’è©±ã—ã¦ã‚‚ã‚‰ã£ã¦ã¿ãŸ,ãŠããªã‚ãƒã‚°ãƒãƒƒãƒˆofficial,2017-08-24T04:46:39Z,æ²–ç¸„ã®æ–¹è¨€ã‚’å¾¹åº•è§£èª¬ï¼æ—¥å¸¸ä¼šè©±ã§ä½¿ã‚ã‚Œã‚‹å®šç•ªã®ã‚¦ãƒãƒŠãƒ¼ã‚°ãƒTOP10ã‚’ã‚ªãƒãƒ¼ã«å–‹ã£ã¦ã‚‚ã‚‰ã£ã¦ã¿ãŸã€ã‹ã‚‰ã‚ªãƒãƒ¼ãŒè©±ã™æ–¹è¨€ã‚’ ...,æ²–ç¸„å£,https://i.ytimg.com/vi/dABV_gCtaHA/hqdefault.jpg,PT21S,44218,210,18
yp_TLUBjrz0,TVã‚¢ãƒ‹ãƒ¡ã€Œæ²–ç¸„ã§å¥½ãã«ãªã£ãŸå­ãŒæ–¹è¨€ã™ãã¦ãƒ„ãƒ©ã™ãã‚‹ã€PVç¬¬1å¼¾,ãƒãƒ”ãƒãƒƒãƒˆã€ã‚¢ãƒ‹ãƒ¡å…¬å¼ã€‘,2024-08-21T03:00:43Z,å—ã®å³¶ã§ã¡ã‚‡ã£ã´ã‚Šå¤‰ã‚ã£ãŸç•°æ–‡åŒ–ãƒ©ãƒ–ã‚³ãƒ¡ï¼ TVã‚¢ãƒ‹ãƒ¡ã€Œæ²–ç¸„ã§å¥½ãã«ãªã£ãŸå­ãŒæ–¹è¨€ã™ãã¦ãƒ„ãƒ©ã™ãã‚‹ã€PVç¬¬ï¼‘å¼¾ã‚’å…¬é–‹ï¼,æ²–ç¸„å£,https://i.ytimg.com/vi/yp_TLUBjrz0/hqdefault.jpg,PT1M44S,551013,9483,684
HEuEXHjnBeI,ã€ãƒ•ãƒ«ã¯èª¬æ˜æ¬„â— ã‚¢ãƒ•ãƒ¬ã‚³ ã€‘çµ¶å¯¾ã«æ–¹è¨€ã§æ­Œã£ã¦ã¯ã„ã‘ãªã„ã€Œ è‹äººå½¢ã®é¤¨ ã€ã€ æ²–ç¸„æ–¹è¨€ ã™ãã‚‹ ç™½é›ªå§« ãƒ•ãƒ«ã‚‚ã‚ã‚‹ã‚ˆç·¨ã€€æ­Œã£ã¦ã¿ãŸ ã€‘#shorts,rain@æ²–ç¸„æ–¹è¨€ã§æ­Œã£ã¦ã¿ãŸ,2025-02-21T08:45:01Z,è‹äººå½¢ã®é¤¨ / è–é£¢é­”II ( æ²–ç¸„æ–¹è¨€ ) â‘ é«˜è©•ä¾¡   â‘¡å…±æœ‰ãƒ„ã‚¤ãƒ¼ãƒˆâ¦ â‘¢ã‚³ãƒ¡ãƒ³ãƒˆ   â‡¨ã“ã®ï¼“ã¤ã§ã‚ªã‚¹ã‚¹ãƒ¡ã«è¼‰ã‚Šã‚„ã™ããªã‚‹ã£ã¦!,æ²–ç¸„å£,https://i.ytimg.com/vi/HEuEXHjnBeI/hqdefault.jpg,PT1M1S,41959,900,50
KSzmgzcLI3w,é£Ÿã¹ã‚‚ã®æ²–ç¸„æ–¹è¨€ã‚¯ã‚¤ã‚º #shorts #æ²–ç¸„ #ã‚¯ã‚¤ã‚º,ãŠããªã‚ç‰©ç”£ã‚»ãƒ³ã‚¿ãƒ¼,2024-10-01T10:00:28Z,æ²–ç¸„æ–¹è¨€ã‚¯ã‚¤ã‚ºï¼ä½•å•åˆ†ã‹ã‚Šã¾ã—ãŸã‹ï¼Ÿ VOICEVOX:ãšã‚“ã ã‚‚ã‚“.,æ²–ç¸„å£,https://i.ytimg.com/vi/KSzmgzcLI3w/hqdefault.jpg,PT36S,447,7,2
JDwOJwrbCEg,æ²–ç¸„æ•°ãˆæ­Œæ–¹è¨€,ioikp1226,2013-11-10T15:49:23Z,æ²–ç¸„æ•°ãˆæ­Œã‚¦ãƒãƒŠï¼ã‚°ãƒ.,æ²–ç¸„å£,https://i.ytimg.com/vi/JDwOJwrbCEg/hqdefault.jpg,PT1M45S,284042,1218,0
xRW77B_CYTk,æ˜­å’Œã®ãƒªã‚¢ã‚¯ã‚·ãƒ§ãƒ³ #æ²–ç¸„ #æ²–ç¸„ã‚ã‚‹ã‚ã‚‹ #æ²–ç¸„æ–¹è¨€,TMã¡ã‚ƒã‚“ã·ã‚‹ã€œ,2025-05-25T09:01:15Z,SNS ãƒ»ã¨ã‚‚ã´TikTok https://www.tiktok.com/@tomop1220/ ãƒ»ã¨ã‚‚ã´Instagram https://www.instagram.com/tom1220okinawa/ ...,æ²–ç¸„å£,https://i.ytimg.com/vi/xRW77B_CYTk/hqdefault.jpg,PT44S,1786,30,1
z1K5VcBH7GE,ã€ã‚¢ãƒ•ãƒ¬ã‚³ã€‘é¡ã‚ˆé¡ã€ã‚ªãƒãƒãƒˆãƒšç·¨ã€ ã¾ã¨ã‚ ï¼‹ã‚ªãƒã‚±ã€ æ²–ç¸„æ–¹è¨€ ã™ãã‚‹ ç™½é›ªå§« ã€‘,rain@æ²–ç¸„æ–¹è¨€ã§æ­Œã£ã¦ã¿ãŸ,2024-02-03T08:45:08Z,æ²–ç¸„æ–¹è¨€ ã™ãã‚‹ ç™½é›ªå§« ï½ã‚ªãƒãƒãƒˆãƒšç·¨ï½ æœ€å¾Œã«ã‚ªãƒã‚±ã‚‚ã‚ã‚‹ã‚ˆï¼å¶ãƒƒãƒ—ãƒ«å‰ã®å¥³ç‹æ§˜ã®æ¶™ãã¾ã—ã„åŠªåŠ›ã€‚,æ²–ç¸„å£,https://i.ytimg.com/vi/z1K5VcBH7GE/hqdefault.jpg,PT4M30S,219436,5147,149
C4VmCG1AyBM,ã€ã‚¢ãƒ•ãƒ¬ã‚³ã€‘ æ²–ç¸„æ–¹è¨€ ã™ãã‚‹ ç™½é›ªå§«ã€æ„Ÿå‹•ã® ãƒ‡ã‚£ã‚ºãƒ‹ãƒ¼ ã‚³ãƒ©ãƒœ PART3ã€æ±åŒ—å¼ ã‚·ãƒ³ãƒ‡ãƒ¬ãƒ©ã€‘,rain@æ²–ç¸„æ–¹è¨€ã§æ­Œã£ã¦ã¿ãŸ,2023-12-17T08:45:11Z,ã¿ã‚“ãªã‚‚ æ–¹è¨€ ã‚²ãƒ¼ãƒ ã«æŒ‘æˆ¦ã—ã‚ˆã†ï¼ æ¬¡ã‚³ãƒ©ãƒœâ‡¨ https://www.youtube.com/watch?v=OvNeb_0-HxA ã€ã‚³ãƒ©ãƒœç›¸æ‰‹ã€Œã“ãŸãƒã‚¹ã‚¯ã€ ...,æ²–ç¸„å£,https://i.ytimg.com/vi/C4VmCG1AyBM/hqdefault.jpg,PT2M29S,423985,11462,273
aEwQL_l_noM,æ²–ç¸„æ–¹è¨€ã®æ—©å£è¨€è‘‰ãŒé›£æ˜“åº¦ã‚¨ã‚°éãww #short,æ²–ç¸„è¨›ã‚Šã®å–œå±‹æ­¦ã•ã‚“,2021-05-08T09:00:00Z,ã€æ²–ç¸„è¨›ã‚Šã®å–œå±‹æ­¦ã•ã‚“ã€‘ TikTok https://vt.tiktok.com/ZSJD3VN1G/ Twitter https://twitter.com/civilanskunk/ Instagram ...,æ²–ç¸„å£,https://i.ytimg.com/vi/aEwQL_l_noM/hqdefault.jpg,PT11S,1090448,25876,234
BevQlJ7vlko,ã€ ã‚¢ãƒ•ãƒ¬ã‚³ ã€‘ é¡ã‚ˆé¡ ã€Œ ä¼¼ãŸã‚ˆã†ãªç™ºéŸ³ç·¨â‘¨ ã¡ã‚ƒãƒ¼ï¼†ã„ã¡ã‚ƒ ã€ã€ æ²–ç¸„ æ–¹è¨€ ã™ãã‚‹ ç™½é›ªå§« ã€‘ #shorts â€»å­ã©ã‚‚å‘ã‘ã‚³ãƒ³ãƒ†ãƒ³ãƒ„ã§ã¯ã‚ã‚Šã¾ã›ã‚“,rain@æ²–ç¸„æ–¹è¨€ã§æ­Œã£ã¦ã¿ãŸ,2025-04-16T08:45:04Z,æ²–ç¸„ æ–¹è¨€ ç‰ˆ ã€Œã™ã‚‚ã‚‚ã‚‚â€¦ã€ã¿ãŸã„ãªã€‚â€»æ²–ç¸„ã§ã‚‚é€šã˜ã¾ã›ã‚“ã€‚ â‘ é«˜è©•ä¾¡   â‘¡å…±æœ‰ãƒ„ã‚¤ãƒ¼ãƒˆâ¦ â‘¢ã‚³ãƒ¡ãƒ³ãƒˆ   â‡¨ã“ã®ï¼“ã¤ã§ ...,æ²–ç¸„å£,https://i.ytimg.com/vi/BevQlJ7vlko/hqdefault.jpg,PT29S,125228,2913,66
AwQrxXLKck4,ã€ ã‚¢ãƒ•ãƒ¬ã‚³ å‚‘ä½œé¸ ã€‘2024å¹´ å§«ã®æ­Œ äººæ°—æ›² ã¾ã¨ã‚ ã€ æ²–ç¸„æ–¹è¨€ ã™ãã‚‹ ç™½é›ªå§«ã€€æ­Œã£ã¦ã¿ãŸ ä¸€æ°—è¦‹ ç·é›†ç·¨ ã€‘ â€»å­ã©ã‚‚å‘ã‘ã‚³ãƒ³ãƒ†ãƒ³ãƒ„ã§ã¯ã‚ã‚Šã¾ã›ã‚“,rain@æ²–ç¸„æ–¹è¨€ã§æ­Œã£ã¦ã¿ãŸ,2024-12-31T08:45:06Z,æ²–ç¸„æ–¹è¨€ ã™ãã‚‹ ç™½é›ªå§« ï½ ãƒ¤ãƒãƒˆã‚¥ã‚°ãƒã‚’ç·´ç¿’ã™ã‚‹ã‚¹ãƒ”ãƒ³ã‚ªãƒ•2024å¹´ ã¾ã¨ã‚ ï½ ã€ãƒãƒ£ãƒ³ãƒãƒ«ç™»éŒ²ã—ã¦æ–°ä½œ  å¾…ã£ã¡ã‚‡ãƒ¼ãã‚ˆãƒ¼ï¼,æ²–ç¸„å£,https://i.ytimg.com/vi/AwQrxXLKck4/hqdefault.jpg,PT46M56S,119520,2751,0
l5wIDBEExGM,ã€ã‚¢ãƒ•ãƒ¬ã‚³ã€‘çµ¶å¯¾ã«æ–¹è¨€ã§æ­Œã£ã¦ã¯ã„ã‘ãªã„ã€Œ å®‡å®™æˆ¦è‰¦ãƒ¤ãƒãƒˆ ã€ã€ æ²–ç¸„æ–¹è¨€ ã™ãã‚‹ ç™½é›ªå§« ã‚¢ãƒ‹ã‚½ãƒ³ç·¨2ã€€æ­Œã£ã¦ã¿ãŸ ã€‘#shorts,rain@æ²–ç¸„æ–¹è¨€ã§æ­Œã£ã¦ã¿ãŸ,2024-10-09T08:45:04Z,ãƒ¤ãƒãƒˆ ( æ²–ç¸„ ) â‘ é«˜è©•ä¾¡   â‘¡å…±æœ‰ãƒ„ã‚¤ãƒ¼ãƒˆâ¦ â‘¢ã‚³ãƒ¡ãƒ³ãƒˆ   â‡¨ã“ã®ï¼“ã¤ã§ã‚ªã‚¹ã‚¹ãƒ¡ã«è¼‰ã‚Šã‚„ã™ããªã‚‹ã£ã¦!! ä»–ã®æ²–ç¸„æ–¹è¨€å‹•ç”»ãŒæ°— ...,æ²–ç¸„å£,https://i.ytimg.com/vi/l5wIDBEExGM/hqdefault.jpg,PT59S,914416,29428,639
yWZ-8JSpxZs,â€»ç‰¹åˆ¥è¨˜å¿µâ€»ã€ ã‚¢ãƒ•ãƒ¬ã‚³ ã€‘ æ²–ç¸„æ–¹è¨€ ã™ãã‚‹ ç™½é›ªå§«ã€10ä¸‡äººç™»éŒ²ğŸ‰ã€ãƒ¡ãƒ³ã‚·ç‰¹å…¸ã«ã¤ã„ã¦ã€‘,rain@æ²–ç¸„æ–¹è¨€ã§æ­Œã£ã¦ã¿ãŸ,2024-05-31T09:22:01Z,æ²–ç¸„æ–¹è¨€ ã™ãã‚‹ ãƒãƒ£ãƒ³ãƒãƒ«ã€5æœˆ25æ—¥ã«ã¤ã„ã«10ä¸‡äººç™»éŒ²ï¼â€‹ã«ãµã‡ãƒ¼ã§ãƒ¼ã³ã‚‹ï¼ ã€  ãƒ¡ãƒ³ãƒãƒ¼ã‚·ãƒƒãƒ—ç‰¹å…¸è©³ç´°ã¯ã‚³ãƒãƒ©ï¼,æ²–ç¸„å£,https://i.ytimg.com/vi/yWZ-8JSpxZs/hqdefault.jpg,PT2M,124616,1983,36
HBT0Pr7P7Cs,ã€ ã‚¢ãƒ•ãƒ¬ã‚³ ã€‘ é¡ã‚ˆé¡ ã€Œ ä¼¼ãŸã‚ˆã†ãªç™ºéŸ³ç·¨â‘§ ãªãƒ¼ ã€ã€ æ²–ç¸„ æ–¹è¨€ ã™ãã‚‹ ç™½é›ªå§« ã€‘ #shorts â€»å­ã©ã‚‚å‘ã‘ã‚³ãƒ³ãƒ†ãƒ³ãƒ„ã§ã¯ã‚ã‚Šã¾ã›ã‚“,rain@æ²–ç¸„æ–¹è¨€ã§æ­Œã£ã¦ã¿ãŸ,2025-04-14T08:45:01Z,æ²–ç¸„ æ–¹è¨€ ç‰ˆ ã€Œã™ã‚‚ã‚‚ã‚‚â€¦ã€ã¿ãŸã„ãªã€‚â€»æ²–ç¸„ã§ã‚‚é€šã˜ã¾ã›ã‚“ã€‚ â‘ é«˜è©•ä¾¡   â‘¡å…±æœ‰ãƒ„ã‚¤ãƒ¼ãƒˆâ¦ â‘¢ã‚³ãƒ¡ãƒ³ãƒˆ   â‡¨ã“ã®ï¼“ã¤ã§ ...,æ²–ç¸„å£,https://i.ytimg.com/vi/HBT0Pr7P7Cs/hqdefault.jpg,PT32S,118027,2814,69
uBZRPGLGj8I,ã€ ã‚¢ãƒ•ãƒ¬ã‚³ ã€‘ç‹å­ã®ãŠã¼ãˆæ­Œã€Œ æ²–ç¸„ ã® åå­— ç·¨â‘§ã€€å¤¢ã®ä¸­ã¸ ã€ã€ æ²–ç¸„æ–¹è¨€ ã™ãã‚‹ ç™½é›ªå§« ã€‘ã€ æ›¿ãˆæ­Œ æ­Œã£ã¦ã¿ãŸ ã€‘ #shorts â€»å­ã©ã‚‚å‘ã‘ã‚³ãƒ³ãƒ†ãƒ³ãƒ„ã§ã¯ã‚ã‚Šã¾ã›ã‚“,rain@æ²–ç¸„æ–¹è¨€ã§æ­Œã£ã¦ã¿ãŸ,2025-05-16T08:45:04Z,æ²–ç¸„ ã® åå­— ç·¨ã€‚ç‹å­ã®ãŠã¼ãˆæ­Œã‚·ãƒªãƒ¼ã‚ºã€Œ å¤¢ã®ä¸­ã¸ / äº•ä¸Šé™½æ°´ ã€ â‘ é«˜è©•ä¾¡   â‘¡å…±æœ‰ãƒ„ã‚¤ãƒ¼ãƒˆâ¦ â‘¢ã‚³ãƒ¡ãƒ³ãƒˆ   â‡¨ã“ã®ï¼“ã¤ã§ ...,æ²–ç¸„å£,https://i.ytimg.com/vi/uBZRPGLGj8I/hqdefault.jpg,PT47S,141265,4682,231
CXDrBPwKArY,ã€æ²–ç¸„æ–¹è¨€ã‚’è¦šãˆãŸã‚­ãƒƒã‚«ã‚±ã€‘ã˜ã‚…ã‚“é¸æ‰‹ãŒæœ¬æ°—ã§æ²–ç¸„æ–¹è¨€ï¼ˆã‚¦ãƒãƒŠãƒ¼ã‚°ãƒï¼‰ã§å–‹ã£ã¦ã¿ãŸï¼,ãŠããªã‚ã¡ã‚ƒã‚“ã­ã‚‹,2025-04-17T09:13:00Z,ã‚‚ã£ã¨ãŠããªã‚ã¡ã‚ƒã‚“ã­ã‚‹ã¯ã“ã¡ã‚‰âœ¨âœ¨ https://www.youtube.com/channel/UCL328S5GUwMbgE1L33jqIXA â–½ãŠããªã‚ ...,æ²–ç¸„å£,https://i.ytimg.com/vi/CXDrBPwKArY/hqdefault.jpg,PT16M15S,19198,1018,112
yTW4tHZSfSc,ã€ã‚¢ãƒ•ãƒ¬ã‚³ã€‘ é¡ã‚ˆé¡ ã€œä¼èª¬ã®&quot;ã‚ã®äºº&quot;ã¨è¡æ’ƒã‚³ãƒ©ãƒœç·¨â‘ ï½ã€æ²–ç¸„æ–¹è¨€ ã™ãã‚‹ ç™½é›ªå§«ã€‘ #shorts,rain@æ²–ç¸„æ–¹è¨€ã§æ­Œã£ã¦ã¿ãŸ,2024-02-25T08:45:02Z,å¶ãƒƒãƒ—ãƒ«å‰ã®å¥³ç‹ã€ã˜ã‚…ã‚“é¸æ‰‹ã¨ã‚³ãƒ©ãƒœã®å·» â‘ é«˜è©•ä¾¡   â‘¡å…±æœ‰ãƒ„ã‚¤ãƒ¼ãƒˆâ¦ â‘¢ã‚³ãƒ¡ãƒ³ãƒˆ   â‡¨ã“ã®ï¼“ã¤ã§ã‚ªã‚¹ã‚¹ãƒ¡ã«è¼‰ã‚Šã‚„ã™ããªã‚‹ ...,æ²–ç¸„å£,https://i.ytimg.com/vi/yTW4tHZSfSc/hqdefault.jpg,PT57S,806344,24241,518
V2Yj949qKVE,ã€ã‚¢ãƒ•ãƒ¬ã‚³ã€‘æ­Œã†ã¾ã ã‘ã©ã‚´ãƒªã‚´ãƒªæ–¹è¨€ç¦æ­¢! æ²–ç¸„ã‚¢ãƒ¼ãƒ†ã‚£ã‚¹ãƒˆ ç·¨ ã¾ã¨ã‚ ï¼‹ã‚ªãƒã‚±ã€ æ²–ç¸„æ–¹è¨€ ã™ãã‚‹ ç™½é›ªå§«ã€€æ­Œã£ã¦ã¿ãŸ ã€‘ â€»å­ã©ã‚‚å‘ã‘ã‚³ãƒ³ãƒ†ãƒ³ãƒ„ã§ã¯ã‚ã‚Šã¾ã›ã‚“,rain@æ²–ç¸„æ–¹è¨€ã§æ­Œã£ã¦ã¿ãŸ,2024-08-10T08:45:07Z,æ²–ç¸„æ–¹è¨€ ã™ãã‚‹ ç™½é›ªå§« æ²–ç¸„ã‚¢ãƒ¼ãƒ†ã‚£ã‚¹ãƒˆ ç·¨ã€‚æœ€å¾Œã«ã‚ªãƒã‚±ã‚‚ã‚ã‚‹ã‚ˆï¼ãƒ¤ãƒãƒˆã‚¥ã‚°ãƒã‚’ç·´ç¿’ã™ã‚‹ç™½é›ªå§«ã‚¹ãƒ”ãƒ³ã‚ªãƒ•ã€‚,æ²–ç¸„å£,https://i.ytimg.com/vi/V2Yj949qKVE/hqdefault.jpg,PT8M22S,263795,5376,172
L9u-Edb3QjA,TVã‚¢ãƒ‹ãƒ¡ã€Œæ²–ç¸„ã§å¥½ãã«ãªã£ãŸå­ãŒæ–¹è¨€ã™ãã¦ãƒ„ãƒ©ã™ãã‚‹ã€ãƒãƒ³ã‚¯ãƒ¬ã‚¸ãƒƒãƒˆOP | HYã€Œå¤§å¤§å¤§å¥½ãã€,ãƒãƒ”ãƒãƒƒãƒˆã€ã‚¢ãƒ‹ãƒ¡å…¬å¼ã€‘,2025-01-11T06:00:13Z,å—ã®å³¶ã§ã¡ã‚‡ã£ã´ã‚Šå¤‰ã‚ã£ãŸç•°æ–‡åŒ–ãƒ©ãƒ–ã‚³ãƒ¡ï¼ TVã‚¢ãƒ‹ãƒ¡ã€Œæ²–ç¸„ã§å¥½ãã«ãªã£ãŸå­ãŒæ–¹è¨€ã™ãã¦ãƒ„ãƒ©ã™ãã‚‹ã€ãƒãƒ³ã‚¯ãƒ¬ã‚¸ãƒƒãƒˆOPã‚’ ...,æ²–ç¸„å£,https://i.ytimg.com/vi/L9u-Edb3QjA/hqdefault.jpg,PT1M30S,910540,11392,783
fG31utcKv2I,æ²–ç¸„æ–¹è¨€ã«ã¯ã€Œãƒã‚¤ãƒã‚¤ã€ãŒãªã„ï¼Ÿï¼ #shorts,ãŠããªã‚ã¡ã‚ƒã‚“ã­ã‚‹,2024-09-01T09:13:00Z,ã‚¦ãƒãƒŠãƒ¼èŠ¸äººã®ã˜ã‚…ã‚“é¸æ‰‹ã¨ã€åŸ¼ç‰å‡ºèº«å¥³å„ªã€Œã²ãƒ¼ã¨ãƒ¼ã€ã®ã‚³ãƒ©ãƒœå‹•ç”»â™ª #æ²–ç¸„ #æ²–ç¸„æ–¹è¨€ #æ²–ç¸„ã‚ã‚‹ã‚ã‚‹.,æ²–ç¸„å£,https://i.ytimg.com/vi/fG31utcKv2I/hqdefault.jpg,PT34S,65020,1397,60
Sl46MAzSxIM,ã€ã‚¢ãƒ•ãƒ¬ã‚³ã€‘çµ¶å¯¾ã«æ–¹è¨€ã§æ­Œã£ã¦ã¯ã„ã‘ãªã„ã€Œ ã‚°ãƒ¼ãƒãƒ§ã‚­ãƒ‘ãƒ¼ã§ãªã«ã¤ãã‚ã† ã€ã€ æ²–ç¸„æ–¹è¨€ ã™ãã‚‹ ç™½é›ªå§« ç«¥è¬¡ç·¨ã€€æ­Œã£ã¦ã¿ãŸ ã€‘#shorts â€»å­ã©ã‚‚å‘ã‘ã‚³ãƒ³ãƒ†ãƒ³ãƒ„ã§ã¯ã‚ã‚Šã¾ã›ã‚“,rain@æ²–ç¸„æ–¹è¨€ã§æ­Œã£ã¦ã¿ãŸ,2024-11-29T08:45:02Z,ã‚°ãƒ¼ãƒãƒ§ã‚­ãƒ‘ãƒ¼ã§ãªã«ã¤ãã‚ã† ( æ²–ç¸„æ–¹è¨€ ) â‘ é«˜è©•ä¾¡   â‘¡å…±æœ‰ãƒ„ã‚¤ãƒ¼ãƒˆâ¦ â‘¢ã‚³ãƒ¡ãƒ³ãƒˆ   â‡¨ã“ã®ï¼“ã¤ã§ã‚ªã‚¹ã‚¹ãƒ¡ã«è¼‰ã‚Šã‚„ã™ããªã‚‹ã£ ...,æ²–ç¸„å£,https://i.ytimg.com/vi/Sl46MAzSxIM/hqdefault.jpg,PT58S,125580,4760,101
mA_0AT4S5VM,ã€ã‚¢ãƒ•ãƒ¬ã‚³ã€‘æ­Œã†ã¾ã ã‘ã©ã‚´ãƒªã‚´ãƒªæ–¹è¨€ç¦æ­¢! ãƒ•ãƒ«ã‚‚ã‚ã‚‹ã‚ˆ ç·¨ ã¾ã¨ã‚ ã€ æ²–ç¸„æ–¹è¨€ ã™ãã‚‹ ç™½é›ªå§«ã€€æ­Œã£ã¦ã¿ãŸ ã€‘ â€»å­ã©ã‚‚å‘ã‘ã‚³ãƒ³ãƒ†ãƒ³ãƒ„ã§ã¯ã‚ã‚Šã¾ã›ã‚“,rain@æ²–ç¸„æ–¹è¨€ã§æ­Œã£ã¦ã¿ãŸ,2025-02-24T08:45:06Z,æ²–ç¸„æ–¹è¨€ ã™ãã‚‹ ç™½é›ªå§« ãƒ•ãƒ«ã‚‚ã‚ã‚‹ã‚ˆ ç·¨ã€‚ãƒ¤ãƒãƒˆã‚¥ã‚°ãƒã‚’ç·´ç¿’ã™ã‚‹ç™½é›ªå§«ã‚¹ãƒ”ãƒ³ã‚ªãƒ•ã€‚ ã€ãƒãƒ£ãƒ³ãƒãƒ«ç™»éŒ²ã—ã¦æ¬¡å›ä½œ  å¾…ã£ã¡ã‚‡ãƒ¼ ...,æ²–ç¸„å£,https://i.ytimg.com/vi/mA_0AT4S5VM/hqdefault.jpg,PT8M33S,26624,729,30
V6ZnCIVCNCA,ã€ã‚¢ãƒ•ãƒ¬ã‚³ã€‘çµ¶å¯¾ã«æ–¹è¨€ã§æ­Œã£ã¦ã¯ã„ã‘ãªã„ã€Œ Let It Go / ã‚¢ãƒŠé›ª ã€ã€ æ²–ç¸„æ–¹è¨€ ã™ãã‚‹ ç™½é›ªå§«ã€€æ­Œã£ã¦ã¿ãŸã€‘ã€€#shorts â€»å­ã©ã‚‚å‘ã‘ã‚³ãƒ³ãƒ†ãƒ³ãƒ„ã§ã¯ã‚ã‚Šã¾ã›ã‚“,rain@æ²–ç¸„æ–¹è¨€ã§æ­Œã£ã¦ã¿ãŸ,2024-06-10T08:45:00Z,YouTubeã•ã‚“ï¼ã“ã‚Œã¯å­ã©ã‚‚å‘ã‘ã‚³ãƒ³ãƒ†ãƒ³ãƒ„ã§ã¯ãªã„ã§ã™ï¼ ãƒ‡ã‚£ã‚ºãƒ‹ãƒ¼ã‚·ãƒ¼ ã®ã€Œ ãƒ•ã‚¡ãƒ³ã‚¿ã‚¸ãƒ¼ã‚¹ãƒ—ãƒªãƒ³ã‚°ã‚¹ ã€ã§ããŸã­ãƒ¼ï¼,æ²–ç¸„å£,https://i.ytimg.com/vi/V6ZnCIVCNCA/hqdefault.jpg,PT55S,1217755,42758,301
PhoGt3uL5Ic,ã€ ã‚¢ãƒ•ãƒ¬ã‚³ ã€‘ç‹å­ã®ãŠã¼ãˆæ­Œã€Œ æ²–ç¸„ ã® åå­— ç·¨â‘¤ã€€ãƒ‰ãƒ©ã‚¤ãƒ•ãƒ©ãƒ¯ãƒ¼ ã€ã€ æ²–ç¸„æ–¹è¨€ ã™ãã‚‹ ç™½é›ªå§« ã€‘ã€ æ›¿ãˆæ­Œ æ­Œã£ã¦ã¿ãŸ ã€‘ #shorts â€»å­ã©ã‚‚å‘ã‘ã‚³ãƒ³ãƒ†ãƒ³ãƒ„ã§ã¯ã‚ã‚Šã¾ã›ã‚“,rain@æ²–ç¸„æ–¹è¨€ã§æ­Œã£ã¦ã¿ãŸ,2025-05-10T08:45:05Z,æ²–ç¸„ ã® åå­— ç·¨ã€‚ç‹å­ã®ãŠã¼ãˆæ­Œã‚·ãƒªãƒ¼ã‚ºã€Œ ãƒ‰ãƒ©ã‚¤ãƒ•ãƒ©ãƒ¯ãƒ¼ / å„ªé‡Œ ã€ â‘ é«˜è©•ä¾¡   â‘¡å…±æœ‰ãƒ„ã‚¤ãƒ¼ãƒˆâ¦ â‘¢ã‚³ãƒ¡ãƒ³ãƒˆ   â‡¨ã“ã®ï¼“ã¤ã§ ...,æ²–ç¸„å£,https://i.ytimg.com/vi/PhoGt3uL5Ic/hqdefault.jpg,PT51S,151259,3714,207
zzEp-JUq8mE,ã€ã‚¢ãƒ•ãƒ¬ã‚³ã€‘çµ¶å¯¾ã«æ–¹è¨€ã§æ­Œã£ã¦ã¯ã„ã‘ãªã„ã€Œã‚¿ãƒƒãƒã€ã€ æ²–ç¸„ æ–¹è¨€ ã™ãã‚‹ ç™½é›ªå§«ã€€ã‚¢ãƒ‹ã‚½ãƒ³ æ­Œã£ã¦ã¿ãŸã€‘ã€€#shortsã€€â€»å­ã©ã‚‚å‘ã‘ã‚³ãƒ³ãƒ†ãƒ³ãƒ„ã§ã¯ã‚ã‚Šã¾ã›ã‚“,rain@æ²–ç¸„æ–¹è¨€ã§æ­Œã£ã¦ã¿ãŸ,2024-04-30T08:45:02Z,YouTubeAIã•ã‚“ã€ã“ã®shortsã¯å­ã©ã‚‚å‘ã‘ã§ã¯ãªã„ã§ã™ï¼â€»2024/5/29è¿½è¨˜ â‘ é«˜è©•ä¾¡   â‘¡å…±æœ‰ãƒ„ã‚¤ãƒ¼ãƒˆâ¦ â‘¢ã‚³ãƒ¡ãƒ³ãƒˆ   â‡¨ã“ã®ï¼“ã¤ ...,æ²–ç¸„å£,https://i.ytimg.com/vi/zzEp-JUq8mE/hqdefault.jpg,PT34S,617404,19225,159
X8CjeWBBGWs,ã€ã‚¢ãƒ•ãƒ¬ã‚³ã€‘ é¡ã‚ˆé¡ ã€œ ã‚ªãƒãƒãƒˆãƒšç·¨â‘¢ã€Œã‚ã¡ã“ãƒ¼ã“ãƒ¼ã€ã®è¬ ï½ã€æ²–ç¸„æ–¹è¨€ ã™ãã‚‹ ç™½é›ªå§«ã€‘ #shorts,rain@æ²–ç¸„æ–¹è¨€ã§æ­Œã£ã¦ã¿ãŸ,2024-01-31T08:45:01Z,å¶ãƒƒãƒ—ãƒ«å‰ã®å¥³ç‹  ã€Œã‚ã¤ãƒã“ãƒ¼ã“ãƒ¼ã€ã¨ã‚‚ï¼ â‘ é«˜è©•ä¾¡   â‘¡å…±æœ‰ãƒ„ã‚¤ãƒ¼ãƒˆâ¦ â‘¢ã‚³ãƒ¡ãƒ³ãƒˆ   â‡¨ã“ã®ï¼“ã¤ã§ã‚ªã‚¹ã‚¹ãƒ¡ã«è¼‰ã‚Šã‚„ã™ã ...,æ²–ç¸„å£,https://i.ytimg.com/vi/X8CjeWBBGWs/hqdefault.jpg,PT59S,452775,15913,220
S66z4ni7mBM,ã€TVãŠã‚‚ã—ã‚åå ´é¢ã€‘æ–°å£çµè¡£ æ²–ç¸„æ–¹è¨€ã‚’è©±ã™ã‚¬ãƒƒã‚­ãƒ¼ / Japanese Funny TV/ARAGAKI YUI,RAY Channel,2020-11-28T10:08:46Z,,æ²–ç¸„å£,https://i.ytimg.com/vi/S66z4ni7mBM/hqdefault.jpg,PT1M5S,119071,544,16
dpOrSYYvWb8,åˆè¦‹ã‚¯ãƒªã‚¢ä¸å¯èƒ½ãªæ²–ç¸„æ–¹è¨€ #short,æ²–ç¸„è¨›ã‚Šã®å–œå±‹æ­¦ã•ã‚“,2021-10-01T09:00:17Z,ã€æ²–ç¸„è¨›ã‚Šã®å–œå±‹æ­¦ã•ã‚“ã€‘ TikTok https://vt.tiktok.com/ZSJD3VN1G/ Twitter https://twitter.com/civilanskunk/ Instagram ...,æ²–ç¸„èª,https://i.ytimg.com/vi/dpOrSYYvWb8/hqdefault.jpg,PT15S,787517,14955,287
jK0b0ZdyJa4,å…ˆè¼©ã«è¨€ã£ãŸã‚‰ã‚¢ã‚¦ãƒˆãªæ²–ç¸„ã®æ–¹è¨€ #short,æ²–ç¸„è¨›ã‚Šã®å–œå±‹æ­¦ã•ã‚“,2021-10-26T09:00:15Z,ãƒãƒ£ãƒ³ãƒãƒ«ç™»éŒ²ã‚ˆã‚ã—ããŠé¡˜ã„ã—ã¾ã™ã£ï¼ï¼ï¼,æ²–ç¸„èª,https://i.ytimg.com/vi/jK0b0ZdyJa4/hqdefault.jpg,PT31S,1661117,34348,241
KulUkqllwgM,ã€ ã‚¢ãƒ•ãƒ¬ã‚³ ã€‘ é¡ã‚ˆé¡ ã€Œ ä¼¼ãŸã‚ˆã†ãªç™ºéŸ³ç·¨â‘¡ ã¡ã¡ ã€ã€ æ²–ç¸„ æ–¹è¨€ ã™ãã‚‹ ç™½é›ªå§« ã€‘ #shorts â€»å­ã©ã‚‚å‘ã‘ã‚³ãƒ³ãƒ†ãƒ³ãƒ„ã§ã¯ã‚ã‚Šã¾ã›ã‚“,rain@æ²–ç¸„æ–¹è¨€ã§æ­Œã£ã¦ã¿ãŸ,2025-04-02T08:45:00Z,æ²–ç¸„ æ–¹è¨€ ç‰ˆ ã€Œã™ã‚‚ã‚‚ã‚‚â€¦ã€ã¿ãŸã„ãªã€‚â€»æ²–ç¸„ã§ã‚‚é€šã˜ã¾ã›ã‚“ã€‚ â‘ é«˜è©•ä¾¡   â‘¡å…±æœ‰ãƒ„ã‚¤ãƒ¼ãƒˆâ¦ â‘¢ã‚³ãƒ¡ãƒ³ãƒˆ   â‡¨ã“ã®ï¼“ã¤ã§ ...,æ²–ç¸„èª,https://i.ytimg.com/vi/KulUkqllwgM/hqdefault.jpg,PT38S,3683419,70186,799
aXnTFtvTrCE,å¤šè¨€èªå¯¾å¿œã®å¸ä¼šè€…å°‚é–€ãƒ—ãƒ­ãƒ€ã‚¯ã‚·ãƒ§ãƒ³è¨­ç«‹ï¼ˆæ²–ç¸„ãƒ†ãƒ¬ãƒ“ï¼‰2025/5/23,æ²–ç¸„ãƒ‹ãƒ¥ãƒ¼ã‚¹OTV,2025-05-23T03:34:37Z,ã‚¤ãƒ³ãƒã‚¦ãƒ³ãƒ‰éœ€è¦ãŒå¢—åŠ ã™ã‚‹ä¸­ã€è‹±èªã‚„ä¸­å›½èªãªã©å¤šè¨€èªã«å¯¾å¿œã§ãã‚‹å¸ä¼šè€…ã®å°‚é–€ãƒ—ãƒ­ãƒ€ã‚¯ã‚·ãƒ§ãƒ³ãŒè¨­ç«‹ã•ã‚Œã¾ã—ãŸã€‚,æ²–ç¸„èª,https://i.ytimg.com/vi/aXnTFtvTrCE/hqdefault.jpg,PT1M9S,463,11,0
-j1L1Ca7Ics,ã€ã‚³ãƒ¡ãƒ³ãƒˆã§ç¿»è¨³æ±‚ã‚€ã€‘ã‚¹ãƒªãƒ ã‚¯ãƒ©ãƒ–ã®æ²–ç¸„ã®æ–¹è¨€æ¼«æ‰ãŒæœ¬å½“ã«ç†è§£ã§ããªã„ä»¶  / #ãªã¾ã‚Šæ¼«æ‰GP #ã¾ã„ã«ã¡è³ãƒ¬ãƒ¼ã‚¹ #shorts,å‹•ç”»ã€ã¯ã˜ã‚ã¦ã¿ã¾ã—ãŸã€ãƒ†ãƒ¬ãƒ“æœæ—¥å…¬å¼ã€‘,2024-06-09T22:00:00Z,æä¾›ï¼šau ã¾ã„ã«ã¡è³ãƒ¬ãƒ¼ã‚¹ produced by au å¹³æ—¥æœ€å¾Œã®è³ãƒ¬ãƒ¼ã‚¹ï¼ MCã¯ã‚¢ãƒ«ã‚³ï¼†ãƒ”ãƒ¼ã‚¹ï¼ é€±æ›¿ã‚Šæ–°ä¸–ä»£ã‚¢ã‚¤ãƒ‰ãƒ«ã«ãƒãƒã‚Œï¼,æ²–ç¸„èª,https://i.ytimg.com/vi/-j1L1Ca7Ics/hqdefault.jpg,PT44S,136512,2157,52
WN8cBZqo_JM,å®Ÿã¯æ²–ç¸„å¼ã‚’è©±ã™å¥³å„ªTOP3 #æ²–ç¸„å¼ #é›‘å­¦ #èŠ¸äºº #èŠ¸èƒ½äºº #ãŠç¬‘ã„ #shorts,ã°ãã‚ã‚‰èŠ¸äººç‰©èª,2024-09-13T08:00:41Z,ä½¿ç”¨éŸ³å£° ãƒ»VOICEVOX:é’å±±é¾æ˜Ÿ #èŠ¸äºº #ãƒ©ãƒ³ã‚­ãƒ³ã‚° #ãŠç¬‘ã„.,æ²–ç¸„èª,https://i.ytimg.com/vi/WN8cBZqo_JM/hqdefault.jpg,PT47S,29633,297,13
cQYRB-i_i0M,ã€MVã€‘ã‚¢ãƒ©ã‚¸ãƒ³æ²–ç¸„æ–¹è¨€Ver.ãŒã¾ã£ãŸãä½•è¨€ã£ã¦ã‚‹ã‹ã‚ã‹ã‚‰ãªã„ï¼ï¼ã€â™ª A Whole New World ã€Acoustic Cover by Nanaironote ã€ãƒ¯ãƒ³ã‚«ãƒƒãƒˆæ’®å½±ã€‘,Nanaironote,2019-07-05T08:59:32Z,ã‚ˆã‘ã‚Œã°ã€+ä¿å­˜ã€ãƒœã‚¿ãƒ³ã‚’æŠ¼ã—ã¦ãƒ—ãƒ¬ã‚¤ãƒªã‚¹ãƒˆã«å…¥ã‚Œã¦è´ã„ã¦ã­â–½ ...,æ²–ç¸„èª,https://i.ytimg.com/vi/cQYRB-i_i0M/hqdefault.jpg,PT2M57S,2114122,48331,2834
2XdBSbrpUd8,ã—ã‚ƒã‚‚ã—ã‚™ã€æ²–ç¸„ã®è‹±èªã®æˆæ¥­ã€,ãƒã‚»ã‚­èŠ¸èƒ½ç¤¾å…¬å¼ãƒãƒ£ãƒ³ãƒãƒ«,2020-02-24T16:00:00Z,2020å¹´2æœˆã«è¡Œã‚ã‚ŒãŸãƒ©ã‚¤ãƒ–ã€ãƒãƒ¼ã‚¬ãƒ³ãƒ‡ã‚£ãƒ¬ãƒƒãƒ‰ã€ã®æ¨¡æ§˜ã§ã™ï¼ â€»ã€Œæ–°ãƒã‚¿ã€ï¼‹ã€Œäº¤ä»£åˆ¶ã§æ•°çµ„æŒã¡ãƒã‚¿ã€ã®ï¼’æœ¬æŠ«éœ²ã™ã‚‹ ...,æ²–ç¸„èª,https://i.ytimg.com/vi/2XdBSbrpUd8/hqdefault.jpg,PT4M14S,722832,7200,196
AXIyByGomnQ,æ²–ç¸„å¼ãŒä¾¿åˆ©ã™ãã‚‹ä»¶ã«ã¤ã„ã¦ã€€#ãªã‚“ãã‚‹è‹±ä¼šè©± #è‹±ä¼šè©± #è‹±èªå­¦ç¿’ #è‹±èªåˆå¿ƒè€… #è‹±èªå‹‰å¼· #æ²–ç¸„youtuber,ãªã‚“ãã‚‹ã•ã‚“ğŸŒº@1æ—¥1åˆ†ã§å­¦ã¶è‹±ä¼šè©±,2023-08-09T23:05:17Z,,æ²–ç¸„èª,https://i.ytimg.com/vi/AXIyByGomnQ/hqdefault.jpg,PT18S,7098,80,2
jOuoQoN_Slg,æ²–ç¸„å¼ãŒå®Œæˆã™ã‚‹ã¾ã§,minerva scientia,2022-06-05T19:45:18Z,å…ˆè¡Œç ”ç©¶ï¼‹ã¡ã‚‡ã£ã¨ç§è¦‹ç­‰ åˆæˆéŸ³å£° VOICEVOX å†¥é³´ã²ã¾ã‚Š.,æ²–ç¸„èª,https://i.ytimg.com/vi/jOuoQoN_Slg/hqdefault.jpg,PT4M15S,36738,959,128
2GNE6OrrXgI,Okinawa DialectğŸŒºæ²–ç¸„æ–¹è¨€ã¨æ¨™æº–èªã‚’æ¯”è¼ƒã—ã¦ã¿ãŸãƒ¤ãƒ³ãƒãƒ«ã‚¯ã‚¤ãƒŠğŸš€#æ²–ç¸„ #æ²–ç¸„æ—…è¡Œ #æ²–ç¸„ç§»ä½  #okinawa,FUN FUN OKINAWA (æœ€é«˜ã®æ²–ç¸„ã‚’ç´¹ä»‹ã™ã‚‹åœ°å…ƒã®äºº),2025-02-11T11:30:23Z,,æ²–ç¸„èª,https://i.ytimg.com/vi/2GNE6OrrXgI/hqdefault.jpg,PT35S,17401,328,12
-A2NeINTKoo,ã€ã‚¢ãƒ•ãƒ¬ã‚³ã€‘çµ¶å¯¾ã«æ–¹è¨€ã§æ­Œã£ã¦ã¯ã„ã‘ãªã„ã€Œ ãƒ“ãƒ“ãƒ‡ã‚£ãƒ»ãƒãƒ“ãƒ‡ã‚£ãƒ»ãƒ–ãƒ¼ / ã‚·ãƒ³ãƒ‡ãƒ¬ãƒ© ã€ã€ æ²–ç¸„æ–¹è¨€ ã™ãã‚‹ ç™½é›ªå§«ã€€æ­Œã£ã¦ã¿ãŸã€‘ã€€#shorts â€»å­ã©ã‚‚å‘ã‘ã‚³ãƒ³ãƒ†ãƒ³ãƒ„ã§ã¯ã‚ã‚Šã¾ã›ã‚“,rain@æ²–ç¸„æ–¹è¨€ã§æ­Œã£ã¦ã¿ãŸ,2024-06-14T08:45:00Z,YouTubeã•ã‚“ï¼ã“ã‚Œã¯å­ã©ã‚‚å‘ã‘ã‚³ãƒ³ãƒ†ãƒ³ãƒ„ã§ã¯ãªã„ã§ã™ï¼ â‘ é«˜è©•ä¾¡   â‘¡å…±æœ‰ãƒ„ã‚¤ãƒ¼ãƒˆâ¦ â‘¢ã‚³ãƒ¡ãƒ³ãƒˆ   â‡¨ã“ã®ï¼“ã¤ã§ã‚ªã‚¹ã‚¹ãƒ¡ã« ...,æ²–ç¸„èª,https://i.ytimg.com/vi/-A2NeINTKoo/hqdefault.jpg,PT31S,498496,15149,162
yrpZVm8s45A,ã€ã‚¢ãƒ•ãƒ¬ã‚³ åˆ‡ã‚ŠæŠœãã€‘ç™½é›ªå§« vs ã‚·ãƒ³ãƒ‡ãƒ¬ãƒ© å¤¢ã®ã‚³ãƒ©ãƒœ æ—©å£è¨€è‘‰ç·¨â‘ ã€#æ²–ç¸„æ–¹è¨€ #æ±åŒ—å¼ã€‘#tiktok #ã‚¢ãƒ•ãƒ¬ã‚³ #å°é¡”ãƒã‚¹ã‚¯ãƒãƒ³ãƒãƒ #anime #è¨›ã‚Š #shorts,rain@æ²–ç¸„æ–¹è¨€ã§æ­Œã£ã¦ã¿ãŸ,2023-12-19T08:45:02Z,â‘ é«˜è©•ä¾¡   â‘¡å…±æœ‰ãƒ„ã‚¤ãƒ¼ãƒˆâ¦ â‘¢ã‚³ãƒ¡ãƒ³ãƒˆ   â‡¨ã“ã®ï¼“ã¤ã§ã‚ªã‚¹ã‚¹ãƒ¡ã«è¼‰ã‚Šã‚„ã™ããªã‚‹ã£ã¦!! ä»–ã®æ²–ç¸„æ–¹è¨€å‹•ç”»ãŒæ°—ã«ãªã£ãŸæ–¹ã¯ ...,æ²–ç¸„èª,https://i.ytimg.com/vi/yrpZVm8s45A/hqdefault.jpg,PT26S,1288625,39840,197
wWe6TZ5p7b0,ã€ãƒ•ãƒ«ã¯èª¬æ˜æ¬„â— ã‚¢ãƒ•ãƒ¬ã‚³ ã€‘çµ¶å¯¾ã«æ–¹è¨€ã§æ­Œã£ã¦ã¯ã„ã‘ãªã„ã€Œ Bling-Bang-Bang-Born ã€ã€ æ²–ç¸„æ–¹è¨€ ã™ãã‚‹ ç™½é›ªå§« ãƒ•ãƒ«ã‚‚ã‚ã‚‹ã‚ˆç·¨ã€€æ­Œã£ã¦ã¿ãŸ ã€‘#shorts,rain@æ²–ç¸„æ–¹è¨€ã§æ­Œã£ã¦ã¿ãŸ,2025-02-13T08:45:03Z,Bling-Bang-Bang-Born ( æ²–ç¸„æ–¹è¨€ ) â‘ é«˜è©•ä¾¡   â‘¡å…±æœ‰ãƒ„ã‚¤ãƒ¼ãƒˆâ¦ â‘¢ã‚³ãƒ¡ãƒ³ãƒˆ   â‡¨ã“ã®ï¼“ã¤ã§ã‚ªã‚¹ã‚¹ãƒ¡ã«è¼‰ã‚Šã‚„ã™ããªã‚‹ã£ã¦!,æ²–ç¸„èª,https://i.ytimg.com/vi/wWe6TZ5p7b0/hqdefault.jpg,PT1M20S,28444,746,28
H0W7uH2-9D8,æ²–ç¸„èªVSæ²–ç¸„å¼ é•·å¹´ã®è«–äº‰ã‚’5åˆ†å¼±ã§çµ‚çµã•ã›ã‚‹ç¥å‹•ç”»,Omizan Sakamoto,2021-02-28T14:46:35Z,ç‰çƒèª/æ²–ç¸„å¼ã®å‘¼ç§°å•é¡Œã«å¯¾ã™ã‚‹ã€åƒ•ãªã‚Šã®è§£ã€‚,æ²–ç¸„èª,https://i.ytimg.com/vi/H0W7uH2-9D8/hqdefault.jpg,PT4M50S,22823,846,214
T7vKYS6EFgw,æ²–ç¸„èªå­—å¹•ï¼†è§£èª¬#redbull #ozworld #ã†ã¡ãªãƒ¼ãã¡ #hiphop #æ²–ç¸„ #okinawa,æ²–ç¸„ãƒã‚¹ã‚¿ãƒ¼ã¸ã®é“,2023-05-25T08:41:46Z,,æ²–ç¸„èª,https://i.ytimg.com/vi/T7vKYS6EFgw/hqdefault.jpg,PT34S,758659,18407,163
1_9JwXgaEKw,æ²–ç¸„èªã®ã„ã¾ â,Sumamuni å³¶è¨€è‘‰,2016-02-19T08:09:04Z,,æ²–ç¸„èª,https://i.ytimg.com/vi/1_9JwXgaEKw/hqdefault.jpg,PT12M4S,26671,549,54
E36-CuxIlCs,ã€ã‚¢ãƒ•ãƒ¬ã‚³ã€‘çµ¶å¯¾ã«æ–¹è¨€ã§æ­Œã£ã¦ã¯ã„ã‘ãªã„ã€Œ ãƒ­ãƒãƒ³ã‚¹ã®ç¥æ§˜ ã€ã€ æ²–ç¸„æ–¹è¨€ ã™ãã‚‹ ç™½é›ªå§« å†¬ã®æ­Œç·¨ã€€æ­Œã£ã¦ã¿ãŸ ã€‘ #shorts â€»å­ã©ã‚‚å‘ã‘ã‚³ãƒ³ãƒ†ãƒ³ãƒ„ã§ã¯ã‚ã‚Šã¾ã›ã‚“,rain@æ²–ç¸„æ–¹è¨€ã§æ­Œã£ã¦ã¿ãŸ,2024-12-18T08:45:02Z,ãƒ­ãƒãƒ³ã‚¹ã®ç¥æ§˜ ( æ²–ç¸„æ–¹è¨€ ) â‘ é«˜è©•ä¾¡   â‘¡å…±æœ‰ãƒ„ã‚¤ãƒ¼ãƒˆâ¦ â‘¢ã‚³ãƒ¡ãƒ³ãƒˆ   â‡¨ã“ã®ï¼“ã¤ã§ã‚ªã‚¹ã‚¹ãƒ¡ã«è¼‰ã‚Šã‚„ã™ããªã‚‹ã£ã¦!! ä»–ã®æ²–ç¸„ ...,æ²–ç¸„èª,https://i.ytimg.com/vi/E36-CuxIlCs/hqdefault.jpg,PT1M9S,56555,1178,47
iuGmwbzltJk,ã€ã‚ã‚‹ã‚ã‚‹ã€‘æ²–ç¸„ã®æ–¹è¨€ã¯ã‚‚ã¯ã‚„å¤–å›½èªã¨è¨€ã£ã¦ã‚‚éè¨€ã˜ã‚ƒãªã„,ã—ã‚…ã†ã¨,2021-12-21T10:20:27Z,,æ²–ç¸„èª,https://i.ytimg.com/vi/iuGmwbzltJk/hqdefault.jpg,PT21S,539871,17985,601
xWpnSLRMRfo,æ²–ç¸„å¼VSæ¨™æº–èªæ¯”ã¹ã¦ã¿ãŸ!!ã€æ²–ç¸„ã‚ã‚‹ã‚ã‚‹ã€‘,Youä¸­éƒ¨Okinawa,2022-03-06T11:00:37Z,æ²–ç¸„å¼VSæ¨™æº–èªæ¯”ã¹ã¦ã¿ãŸ!!ã€æ²–ç¸„ã‚ã‚‹ã‚ã‚‹ã€‘ ä»–ã«ã‚‚æ°—ã«ãªã‚‹ç™ºéŸ³ãƒ»ã‚¤ãƒ³ãƒˆãƒãƒ¼ã‚·ãƒ§ãƒ³ã¨ã‹ã‚ã£ãŸã‚‰ ã‚³ãƒ¡ãƒ³ãƒˆã—ã¦ã¿ã¦ã­   ã¾ãŸã€Œ ...,æ²–ç¸„èª,https://i.ytimg.com/vi/xWpnSLRMRfo/hqdefault.jpg,PT13M39S,148937,1254,144
5oUg7l1w9QM,ã€çˆ†ç¬‘ã€‘æ—¥æœ¬å¤§å¥½ãå¤–å›½äººãŒã€Œæ²–ç¸„ã®è‹±ä¼šè©±ã‚³ãƒ³ãƒˆã€ã‚’è¦‹ã¦ã¿ãŸï¼ï¼ˆæµ·å¤–ã®åå¿œï¼‰|æ—¥è‹±å­—å¹•,ãƒ©ãƒ³ã‚«ãƒ«è‹±ä¼šè©± ( LanCul ),2023-05-26T10:00:04Z,ã€ã“ã‚Œæœ¬å½“ã«æ—¥æœ¬èªï¼Ÿï¼ã€‘ ãƒ‰ã‚¤ãƒ„äººã®ã‚¢ãƒªã¨ãƒ™ãƒˆãƒŠãƒ äººã®ãƒãƒ‡ã‚£ãŒæ²–ç¸„å¼ã‚’èã„ã¦è¡æ’ƒï¼ç†è§£ä¸èƒ½ã™ãã‚‹w â˜†ç§ãŸã¡ã«ã¤ã„ã¦â˜† ...,æ²–ç¸„èª,https://i.ytimg.com/vi/5oUg7l1w9QM/hqdefault.jpg,PT7M40S,132948,2045,162
JxRgQVOTy34,Yashiga ãƒ¤ã‚·ã‚¬ (original song in uchinaaguchi/Okinawan language ã‚¦ãƒãƒŠãƒ¼ã‚°ãƒã§ã®åŸæ›²; subtitles in description),Muy Sugoi,2018-09-21T10:04:15Z,"This is a song I wrote in uchinaaguchi, the Okinawan language. I'm still studying it so there's probably some errors. Regardless ...",Uchinaa-guchi,https://i.ytimg.com/vi/JxRgQVOTy34/hqdefault.jpg,PT3M53S,572,18,4
6A48XIZn-Q0,Let&#39;s speak uchinaaguchi! - Chaa ganjuu yamiseemi?,Let's speak Uchinaaguchi!,2021-05-13T07:42:52Z,"""Chaa ganjuu"" is pretty well-known phrase in the Okinawan language. Let's take a look at what it means. #uchinaaguchi #ã†ã¡ ...",Uchinaa-guchi,https://i.ytimg.com/vi/6A48XIZn-Q0/hqdefault.jpg,PT12M29S,1175,55,1
ufIPgNJPsJk,Let&#39;s speak uchinaaguchi! - Wannee _____ yaibiin.,Let's speak Uchinaaguchi!,2023-01-02T10:00:31Z,"This video talks about the copular verb â€œyaibiin,â€ as well as the term â€œwannee,â€ which appear in ""Let's sing uchinaaguchi Lesson 2.",Uchinaa-guchi,https://i.ytimg.com/vi/ufIPgNJPsJk/hqdefault.jpg,PT5M30S,201,21,0
Zh6n36K94iM,5 phrases in Okinawan you should know! Learn Uchina-guchi with me! ğŸŒºğŸŒŠ,Toria Shimoji ,2023-09-08T09:21:38Z,æ²–ç¸„ #æ²–ç¸„æ–‡åŒ– #ãŠããªã‚ #okinawa #languagelearning #indigenouslanguages #japan #travel #japantravel #okinawatravel ...,Uchinaa-guchi,https://i.ytimg.com/vi/Zh6n36K94iM/hqdefault.jpg,PT59S,355,14,0
Zf26WzazAfw,Let&#39;s sing Uchinaaguchi! volume 5,Let's Sing Uchinaaguchi,2019-05-03T03:03:41Z,"Traditionally, everyday greetings in Uchinaaguchi are based on the given situation, and what the other person is doing at the ...",Uchinaa-guchi,https://i.ytimg.com/vi/Zf26WzazAfw/hqdefault.jpg,PT2M32S,6684,141,3
KfNfSMI7Uvk,Let&#39;s speak uchinaaguchi! - Kwatchii sabira,Let's speak Uchinaaguchi!,2021-05-27T07:48:16Z,"A breakdown of the phrase ""kwatchii sabira,"" also from Lesson 1 of 'Let's sing uchinaaguchi!' https://youtu.be/nwk8o_r00MA ...",Uchinaa-guchi,https://i.ytimg.com/vi/KfNfSMI7Uvk/hqdefault.jpg,PT8M17S,458,26,0
uS2oAKdskA4,Let&#39;s sing Uchinaaguchi!,Katsumi G,2011-12-14T19:01:37Z,"A animation I maked with my friend - Igor Shin. The character is a Shisaa, a guardian of a province of Okinawa - Japan.",Uchinaa-guchi,https://i.ytimg.com/vi/uS2oAKdskA4/hqdefault.jpg,PT2M1S,857,20,0
5-yivI8x1e8,Let&#39;s speak Uchinaaguchi! - Hitcharu hii nu kajan neeran (proverb),Let's speak Uchinaaguchi!,2022-07-11T12:10:20Z,"Excerpted from Ukwanshin Kabudan's Shimakutuba online session September 13th, 2021. Hitcharu hii nu kajan neeran is a ...",Uchinaa-guchi,https://i.ytimg.com/vi/5-yivI8x1e8/hqdefault.jpg,PT3M25S,314,18,1
RSPDz9cc1mk,Let&#39;s speak Uchinaaguchi! - Deeji natoon!,Let's speak Uchinaaguchi!,2022-07-03T14:33:38Z,"Excerpted from Ukwanshin Kabudan's Shimakutuba online session April 11th, 2022. ""Deeji natoon"" is a common and useful ...",Uchinaa-guchi,https://i.ytimg.com/vi/RSPDz9cc1mk/hqdefault.jpg,PT2M45S,266,19,1
UZMndItzGAQ,â€œGuruguruâ€ original song in uchinaaguchi (Okinawan language) and Spanish,Muy Sugoi,2020-09-13T02:33:42Z,"This recording in particular is older and before I made some grammar corrections in both the uchinaaguchi and Spanish lyrics, but ...",Uchinaa-guchi,https://i.ytimg.com/vi/UZMndItzGAQ/hqdefault.jpg,PT3M18S,86,5,2
0DW_4plXaCQ,Uchinaaguchi 7 Professor F  Byron,Carlos Kyo Hana,2022-09-04T00:12:09Z,,Uchinaa-guchi,https://i.ytimg.com/vi/0DW_4plXaCQ/hqdefault.jpg,PT4M4S,283,5,2
6jxdyZ4c4p4,Let&#39;s sing Uchinaaguchi! - live at the Hawaii Okinawan Festival 2017,Let's Sing Uchinaaguchi,2017-09-23T01:40:09Z,Yuttai Kwattai at the 2017 Hawaii Okinawan Festival. 2017å¹´ã¬ãƒãƒ¯ã‚¤ãƒ»ã‚ªã‚­ãƒŠãƒ¯ãƒ³ãƒ»ãƒ•ã‚§ã‚¹ãƒ†ã‚£ãƒãƒ«ã‚“ã˜ ã‚†ã£ãŸã„ãã‚ã£ãŸã„ã€‚,Uchinaa-guchi,https://i.ytimg.com/vi/6jxdyZ4c4p4/hqdefault.jpg,PT2M2S,1243,52,2
AKPCfNasI6E,uchinaaguchi,nobuharu kinjo,2013-10-14T23:45:01Z,è¬›åº§ã†ã¦ãƒã¬ã€ã„ã˜ãŸã‚‹ã±ãªã—.,Uchinaa-guchi,https://i.ytimg.com/vi/AKPCfNasI6E/hqdefault.jpg,PT1M9S,233,6,0
UVM157cKVyw,Let&#39;s speak Uchinaaguchi! - Tui nu kusu nin chutin dukuroo an (proverb),Let's speak Uchinaaguchi!,2022-12-26T17:04:10Z,"Excerpted from Ukwanshin Kabudan's Shimakutuba online session November 14th, 2022. 'Tui nu kusu nin chutin dukuroo' is a ...",Uchinaa-guchi,https://i.ytimg.com/vi/UVM157cKVyw/hqdefault.jpg,PT1M53S,139,10,0
giGwP5zueQY,Uchinaaguchi - Indigenous language of Okinawa: Language Suicide or Language Murder???,Jane Austen Austen,2014-11-13T14:04:50Z,,Uchinaa-guchi,https://i.ytimg.com/vi/giGwP5zueQY/hqdefault.jpg,PT28M13S,483,8,1
GrFF59wZfnI,Let&#39;s sing Uchinaaguchi! volume 4,Let's Sing Uchinaaguchi,2016-10-07T16:21:47Z,Count from 1 to 10 in Uchinaaguchi!,Uchinaa-guchi,https://i.ytimg.com/vi/GrFF59wZfnI/hqdefault.jpg,PT1M52S,9488,164,5
tzN5kPzEU5Y,Let&#39;s speak uchinaaguchi! - Chuu wuganabira,Let's speak Uchinaaguchi!,2021-04-29T08:52:24Z,"In this video I explain a little bit about the first phrase from ""Let's sing uchinaaguchi!"" Lesson 1, Chuu wuganabira.",Uchinaa-guchi,https://i.ytimg.com/vi/tzN5kPzEU5Y/hqdefault.jpg,PT10M34S,887,74,0
8ldWMtSTwr4,Let&#39;s sing Uchinaaguchi! volume 3,Let's Sing Uchinaaguchi,2014-10-24T11:47:45Z,This volume goes over a few phrases in their respective informal forms. These forms can be used when speaking with people ...,Uchinaa-guchi,https://i.ytimg.com/vi/8ldWMtSTwr4/hqdefault.jpg,PT2M27S,12946,190,12
0Aes-UTt438,Uchinaaguchi 1 Higa hanayo,Carlos Kyo Hana,2022-09-03T13:13:38Z,,Uchinaa-guchi,https://i.ytimg.com/vi/0Aes-UTt438/hqdefault.jpg,PT7M48S,17,0,0
4Jc9N3sYjgo,Uchinaaguchi,MamaDirtNap,2020-04-21T18:10:38Z,"A brief videop about Uchinaaguchi A story made with Moovly, an easy and powerful online video animation tool. Try for free at ...",Uchinaa-guchi,https://i.ytimg.com/vi/4Jc9N3sYjgo/hqdefault.jpg,PT5M5S,74,1,1
PfftdOxPpuU,Uchinaaguchi,MamaDirtNap,2020-04-21T18:02:41Z,"A brief video about Uchinaaguchi A story made with Moovly, an easy and powerful online video animation tool. Try for free at ...",Uchinaa-guchi,https://i.ytimg.com/vi/PfftdOxPpuU/hqdefault.jpg,PT5M5S,38,0,0
1I04QPF3hVk,Uchinaguchi Study Group (#5) - Special Topics - Uchinaaguchi Resources  (Okinawan Language æ²–ç¸„èª),Uchinaguchi Study Group  (Okinawan language),2021-05-07T10:15:00Z,Uchinaguchi_SG (Twitter) Link to a list of all Uchinaguchi Study Group videos ...,Uchinaa-guchi,https://i.ytimg.com/vi/1I04QPF3hVk/hqdefault.jpg,PT16M8S,1189,71,12
_JUXuRVGT5E,Let&#39;s speak uchinaaguchi! - Unigee sabira &amp; nifee deebiru (please &amp; thank you),Let's speak Uchinaaguchi!,2021-07-02T01:02:03Z,"This video talks about the phrase 'unigee sabira,' 'nifee deebiru,' which appear in ""Let's sing uchinaaguchi Lesson 1,"" as ""please"" ...",Uchinaa-guchi,https://i.ytimg.com/vi/_JUXuRVGT5E/hqdefault.jpg,PT8M40S,541,39,0
43zrCnocUp4,Uchinaaguchi Vending Machine,Travis Seifman,2013-08-19T18:28:55Z,The soda vending machines in the train stations in Okinawa speak Uchinaaguchi! (Sorry for the poor sound quality),Uchinaa-guchi,https://i.ytimg.com/vi/43zrCnocUp4/hqdefault.jpg,PT17S,280,3,2
CwEx5NnoHy0,Let&#39;s learn about Uchina Guchi (Okinawan Language) Vol.2,OkinaWanderer,2021-01-28T06:39:18Z,"Okinawa has an original own language, its called sometime Uchina-guchi, Okinawan language, Okinawan dialect and most of ...",Uchinaa-guchi,https://i.ytimg.com/vi/CwEx5NnoHy0/hqdefault.jpg,PT36M39S,394,21,8
UKH_wXuBsj0,Uchinaaguchi Okinawaca 1,Turkbodn Langue Run ãƒˆãƒ«ã‚³è¨€èªãƒ©ãƒ³,2023-07-01T06:02:07Z,Japoncaya'nÄ±n okinawa adalarÄ±nda konuÅŸulan Okinawaca (Uchinaaguchi) TÃ¼rkÃ§e Ã§evirisi ile.,Uchinaa-guchi,https://i.ytimg.com/vi/UKH_wXuBsj0/hqdefault.jpg,PT5M17S,128,7,0
SHivKEqrgbA,Let&#39;s speak uchinaaguchi! - Kwatchii sabitan...maasatii?,Let's speak Uchinaaguchi!,2021-06-03T20:29:54Z,"This video talks about the phrase 'kwatchii sabitan,' which also comes up in ""Let's sing uchinaaguchi Lesson 1."" Link to song here: ...",Uchinaa-guchi,https://i.ytimg.com/vi/SHivKEqrgbA/hqdefault.jpg,PT5M26S,303,22,0
6aCwd9RZzWE,Uchinaaguchi final,Aldis & Oligerudo,2018-12-07T14:42:12Z,"10 de Marzo, 2018.",Uchinaa-guchi,https://i.ytimg.com/vi/6aCwd9RZzWE/hqdefault.jpg,PT34S,58,2,0
S-BodeXDuJY,Uchinaaguchi Presentation,Sierra Esmond,2024-12-13T00:26:00Z,"Presentation of Okinawa's endangered language, Uchinaaguchi.",Uchinaa-guchi,https://i.ytimg.com/vi/S-BodeXDuJY/hqdefault.jpg,PT14M19S,33,0,0
4TABXT_3pjE,Let&#39;s sing uchinaaguchi.m4v (Final Version),Katsumi G,2011-12-19T18:09:43Z,"A animation I maked with my friend - Igor Shin. The character is a Shisaa, a guardian of a province of Okinawa - Japan.",Uchinaa-guchi,https://i.ytimg.com/vi/4TABXT_3pjE/hqdefault.jpg,PT2M2S,1427,11,1
KvABuMa0uv4,Let&#39;s speak Uchinaaguchi! - Miji aratee numaran (proverb),Let's speak Uchinaaguchi!,2022-05-08T02:31:26Z,"Excerpted from Ukwanshin Kabudan's Shimakutuba online session February 7th, 2022. Mijee aratee numaran is an Okinawan ...",Uchinaa-guchi,https://i.ytimg.com/vi/KvABuMa0uv4/hqdefault.jpg,PT2M59S,303,16,0
YmILH0vPfAc,"How to ask politely, â€œWhere did you come from?â€ and â€œHow did you get here?â€ #uchinaaguchi",Let's speak Uchinaaguchi!,2024-08-01T16:57:31Z,,Uchinaa-guchi,https://i.ytimg.com/vi/YmILH0vPfAc/hqdefault.jpg,PT25S,22,0,1
V5Q1q6NFk4g,Uchinaguchi Study Group (#4) - Special Topics - Uchinaaguchi Alphabetsã€€ã€€ï¼ˆOkinawan Language æ²–ç¸„èªï¼‰,Uchinaguchi Study Group  (Okinawan language),2021-04-30T10:15:03Z,Uchinaguchi_SG (Twitter) Link to a list of all Uchinaguchi Study Group videos ...,Uchinaa-guchi,https://i.ytimg.com/vi/V5Q1q6NFk4g/hqdefault.jpg,PT17M7S,2355,128,13
YT1bwBtDlCM,Let&#39;s speak Uchinaaguchi! - Kii chichichaa,Let's speak Uchinaaguchi!,2022-04-30T08:50:36Z,"Excerpted from Ukwanshin Kabudan's Shimakutuba online session April 11th, 2022. Questions or comments?",Uchinaa-guchi,https://i.ytimg.com/vi/YT1bwBtDlCM/hqdefault.jpg,PT1M47S,187,12,3
0WvJa82_fiM,Uchinaaguchi - Indigenous language of Okinawa: Jack Musick at UH Hilo Student Research Conference,Big Island Kobudo,2014-05-14T07:20:31Z,www.bigislandkobudo.com Jack Musick presents the findings from his senior thesis at the University of HawaiÊ»i at Hilo's ALEX ...,Uchinaa-guchi,https://i.ytimg.com/vi/0WvJa82_fiM/hqdefault.jpg,PT28M13S,1214,25,3
E0FXZ9No1D0,Uki Uki Chat! - Okinawan Language,JapanSocietyNYC,2015-09-16T15:23:48Z,Welcome to Uki Uki Chat! Today we're discussing the islands of Okinawa and their distinct languages and dialect with Okinawan ...,Uchinaa-guchi,https://i.ytimg.com/vi/E0FXZ9No1D0/hqdefault.jpg,PT8M30S,81508,2069,214
apOBenSgBys,What do I do? â€” in Uchinaaguchi (Chaa suga yoo),Brandon Ing,2024-03-04T07:00:48Z,"Kalapana's â€œWhat do I do,â€ but it's Uchinaaguchi (Chaa suga yoo?!). Again, loosely translated I guess you could say a ...",Uchinaa-guchi,https://i.ytimg.com/vi/apOBenSgBys/hqdefault.jpg,PT58S,74,10,0
-O6umWUHZkU,Okinawa / Uchina Guchi / Kudeken Yutaka /  ä¹…æ‰‹å …è±Šï¼ˆï¼‘ï¼‰,Eee Okinawa,2021-09-29T11:56:57Z,Okinawa / Uchina Guchi / Kudeken Yutaka / ä¹…æ‰‹å …è±Šï¼ˆï¼‘ï¼‰ ã•ãã€ä½•ã¨è¨€ã£ã¦ã„ã‚‹ã§ã—ã‚‡ã†ï¼Ÿ ã¾ãšã¯ã‚ªãƒªã‚¸ãƒŠãƒ«æ˜ åƒã ã‘ã§ãŠ ...,Uchinaa-guchi,https://i.ytimg.com/vi/-O6umWUHZkU/hqdefault.jpg,PT3M7S,802,34,8
6RZY14LxEeQ,Let&#39;s speak Uchinaaguchi - Taa ga hitchaga?,Let's speak Uchinaaguchi!,2022-04-16T10:06:30Z,"Excerpted from Ukwanshin Kabudan's Shimakutuba online session April 11th, 2022. UPDATED [4/23/22]: While one of my ...",Uchinaa-guchi,https://i.ytimg.com/vi/6RZY14LxEeQ/hqdefault.jpg,PT4M54S,382,19,0
x_UKFfccTqY,[KARAOKE] Let&#39;s sing Uchinaaguchi! Lesson 2,Let's Sing Uchinaaguchi,2012-03-30T06:35:17Z,"practice a self introduction in Uchinaaguchi by singing along, inputting your own name and hometown.",Uchinaa-guchi,https://i.ytimg.com/vi/x_UKFfccTqY/hqdefault.jpg,PT2M14S,3223,37,0
wMvRus_2P3Q,Let&#39;s speak Uchinaaguchi! - Chimu saani kaagi kooin (proverb),Let's speak Uchinaaguchi!,2022-06-05T16:39:58Z,"Excerpted from Ukwanshin Kabudan's Shimakutuba online session November 8th, 2021. Chimu saani kaagi kooin is an ...",Uchinaa-guchi,https://i.ytimg.com/vi/wMvRus_2P3Q/hqdefault.jpg,PT3M53S,217,15,2
Hf2tFHLMYZU,Uchinaguchi Study Group (#13) - Vocabulary - Verbs (#1)  (Okinawan Language æ²–ç¸„èª),Uchinaguchi Study Group  (Okinawan language),2021-07-02T10:15:01Z,Okinawan Language Study Group Link to a list of all Uchinaguchi Study Group videos ...,Uchinaguchi Study Group,https://i.ytimg.com/vi/Hf2tFHLMYZU/hqdefault.jpg,PT6M46S,720,50,1
2Xoma8G7ktw,Uchinaguchi Study Group (#50) -  Vocabulary - Animals and creatures (Okinawan Language æ²–ç¸„èª),Uchinaguchi Study Group  (Okinawan language),2022-05-06T10:15:00Z,Okinawan Language Study Group Link to a list of all Uchinaguchi Study Group videos ...,Uchinaguchi Study Group,https://i.ytimg.com/vi/2Xoma8G7ktw/hqdefault.jpg,PT4M17S,517,43,7
CzTDkb2jZnA,Uchinaguchi Study Group (#40) - Grammar - Possessive Particle &quot;Nu&quot; (ã¬)   (Okinawan Language æ²–ç¸„èª),Uchinaguchi Study Group  (Okinawan language),2022-01-28T10:15:00Z,Okinawan Language Study Group Link to a list of all Uchinaguchi Study Group videos ...,Uchinaguchi Study Group,https://i.ytimg.com/vi/CzTDkb2jZnA/hqdefault.jpg,PT5M11S,255,25,11
V16B3ZSTxQQ,Uchinaguchi Study Group (#15) - Vocabulary - Nouns - Pronouns  (Okinawan Language æ²–ç¸„èª),Uchinaguchi Study Group  (Okinawan language),2021-07-16T10:15:02Z,Okinawan Language Study Group Link to a list of all Uchinaguchi Study Group videos ...,Uchinaguchi Study Group,https://i.ytimg.com/vi/V16B3ZSTxQQ/hqdefault.jpg,PT5M20S,293,30,11
G9N_nw9VDz4,"Uchinaguchi Study Group (#25) - Grammar - Subject Particle ãŒ, ã¬    (Okinawan Language æ²–ç¸„èª)",Uchinaguchi Study Group  (Okinawan language),2021-10-01T10:15:00Z,Okinawan Language Study Group Link to a list of all Uchinaguchi Study Group videos ...,Uchinaguchi Study Group,https://i.ytimg.com/vi/G9N_nw9VDz4/hqdefault.jpg,PT10M6S,334,32,6
knMRhAZudEw,Uchinaguchi Study Group (#43) - Grammar - Sentence Particle &quot;kara&quot; (ã‹ã‚‰)   (Okinawan Language æ²–ç¸„èª),Uchinaguchi Study Group  (Okinawan language),2022-02-18T10:15:05Z,Okinawan Language Study Group Link to a list of all Uchinaguchi Study Group videos ...,Uchinaguchi Study Group,https://i.ytimg.com/vi/knMRhAZudEw/hqdefault.jpg,PT4M45S,247,31,9
3n4q4dcExXk,Uchinaguchi Study Group (#17) - Situational - Self Introduction (#1)    (Okinawan Language æ²–ç¸„èª),Uchinaguchi Study Group  (Okinawan language),2021-08-06T10:15:00Z,Okinawan Language Study Group Link to a list of all Uchinaguchi Study Group videos ...,Uchinaguchi Study Group,https://i.ytimg.com/vi/3n4q4dcExXk/hqdefault.jpg,PT9M11S,941,50,8
mTAzRxrzqd0,Uchinaguchi Study Group (#44) - Grammar - Sentence Particle &quot;madi&quot;  (Okinawan Language æ²–ç¸„èª),Uchinaguchi Study Group  (Okinawan language),2022-02-25T10:15:01Z,Okinawan Language Study Group Link to a list of all Uchinaguchi Study Group videos ...,Uchinaguchi Study Group,https://i.ytimg.com/vi/mTAzRxrzqd0/hqdefault.jpg,PT4M11S,224,21,10
g1vrPft5iOQ,Uchinaguchi Study Group (#21) - Special Topics - Counting (#1)    (Okinawan Language æ²–ç¸„èª),Uchinaguchi Study Group  (Okinawan language),2021-09-03T10:15:01Z,Okinawan Language Study Group Link to a list of all Uchinaguchi Study Group videos ...,Uchinaguchi Study Group,https://i.ytimg.com/vi/g1vrPft5iOQ/hqdefault.jpg,PT12M22S,626,36,9
15-XQo08QAQ,Uchinaguchi Study Group (#14) - Vocabulary - Adjectives (#1)  (Okinawan Language æ²–ç¸„èª),Uchinaguchi Study Group  (Okinawan language),2021-07-09T10:00:01Z,Okinawan Language Study Group Link to a list of all Uchinaguchi Study Group videos ...,Uchinaguchi Study Group,https://i.ytimg.com/vi/15-XQo08QAQ/hqdefault.jpg,PT8M31S,392,30,5
fcGnCVEUqnU,Uchinaguchi Study Group (#20) - Vocabulary - Nouns - Occupations    (Okinawan Language æ²–ç¸„èª),Uchinaguchi Study Group  (Okinawan language),2021-08-27T10:15:02Z,Okinawan Language Study Group Link to a list of all Uchinaguchi Study Group videos ...,Uchinaguchi Study Group,https://i.ytimg.com/vi/fcGnCVEUqnU/hqdefault.jpg,PT4M7S,269,23,8
IUshiBi4plA,Uchinaguchi Study Group (#11) - Grammar - Particles - Question Marker   (Okinawan Language æ²–ç¸„èª),Uchinaguchi Study Group  (Okinawan language),2021-06-18T10:15:00Z,Okinawan Language Study Group Link to a list of all Uchinaguchi Study Group videos ...,Uchinaguchi Study Group,https://i.ytimg.com/vi/IUshiBi4plA/hqdefault.jpg,PT11M57S,459,33,10
Heq1wOC7iE0,Uchinaguchi Study Group (#9) - Grammar - Particles - Topic Marker &quot;Ya&quot; ã‚„  (Okinawan Language æ²–ç¸„èª),Uchinaguchi Study Group  (Okinawan language),2021-06-04T10:15:01Z,Uchinaguchi_SG (Twitter) Link to a list of all Uchinaguchi Study Group videos ...,Uchinaguchi Study Group,https://i.ytimg.com/vi/Heq1wOC7iE0/hqdefault.jpg,PT12M56S,782,54,6
7nJq_T2eMco,Uchinaguchi Study Group (#45) - Grammar - Sentence Particles &quot;wuti&quot; &amp; &quot;nji&quot;  (Okinawan Language æ²–ç¸„èª),Uchinaguchi Study Group  (Okinawan language),2022-03-04T10:15:00Z,Okinawan Language Study Group Link to a list of all Uchinaguchi Study Group videos ...,Uchinaguchi Study Group,https://i.ytimg.com/vi/7nJq_T2eMco/hqdefault.jpg,PT5M7S,249,18,6
N62MRcFQS4o,Uchinaguchi Study Group (#10) - Vocabulary - Nouns - Vegetables and Fruits  (Okinawan Language æ²–ç¸„èª),Uchinaguchi Study Group  (Okinawan language),2021-06-11T10:15:01Z,Uchinaguchi_SG (Twitter) Link to a list of all Uchinaguchi Study Group videos ...,Uchinaguchi Study Group,https://i.ytimg.com/vi/N62MRcFQS4o/hqdefault.jpg,PT7M25S,668,56,5
aEyWF_gvn90,Uchinaguchi Study Group (#35) - Special Topics - Geography Ryukyus Part 1 (Okinawan Language æ²–ç¸„èª),Uchinaguchi Study Group  (Okinawan language),2021-12-17T10:00:00Z,Okinawan Language Study Group Link to a list of all Uchinaguchi Study Group videos ...,Uchinaguchi Study Group,https://i.ytimg.com/vi/aEyWF_gvn90/hqdefault.jpg,PT7M58S,396,32,8
YqKczC5DDfU,Uchinaguchi Study Group (#30) -  Grammar - Verb fundamentals   (Okinawan Language æ²–ç¸„èª),Uchinaguchi Study Group  (Okinawan language),2021-11-12T10:15:02Z,Okinawan Language Study Group Link to a list of all Uchinaguchi Study Group videos ...,Uchinaguchi Study Group,https://i.ytimg.com/vi/YqKczC5DDfU/hqdefault.jpg,PT17M24S,582,39,3
q7OazoEBYao,Uchinaguchi Study Group (#12) - Grammar - Question Word - Nuu (What)  (Okinawan Language æ²–ç¸„èª),Uchinaguchi Study Group  (Okinawan language),2021-06-25T10:15:02Z,Okinawan Language Study Group Link to a list of all Uchinaguchi Study Group videos ...,Uchinaguchi Study Group,https://i.ytimg.com/vi/q7OazoEBYao/hqdefault.jpg,PT8M48S,514,30,8
3ngtd11o2JU,Uchinaguchi Study Group (#22) - Special Topics - Counting (#2)    (Okinawan Language æ²–ç¸„èª),Uchinaguchi Study Group  (Okinawan language),2021-09-10T10:15:00Z,Okinawan Language Study Group Link to a list of all Uchinaguchi Study Group videos ...,Uchinaguchi Study Group,https://i.ytimg.com/vi/3ngtd11o2JU/hqdefault.jpg,PT10M2S,431,31,7
idbCmKnY9AQ,Uchinaguchi Study Group (#49) -   Grammar - Quotative Particle &quot;ndi&quot; (Okinawan Language æ²–ç¸„èª),Uchinaguchi Study Group  (Okinawan language),2022-04-01T10:15:01Z,Okinawan Language Study Group Link to a list of all Uchinaguchi Study Group videos ...,Uchinaguchi Study Group,https://i.ytimg.com/vi/idbCmKnY9AQ/hqdefault.jpg,PT8M45S,358,36,14
z7bbtLJ_hCY,Uchinaguchi Study Group (#6) - Special Topics - Channel Standards  (Okinawan Language æ²–ç¸„èª),Uchinaguchi Study Group  (Okinawan language),2021-05-14T10:15:02Z,Uchinaguchi_SG (Twitter) Link to a list of all Uchinaguchi Study Group videos ...,Uchinaguchi Study Group,https://i.ytimg.com/vi/z7bbtLJ_hCY/hqdefault.jpg,PT8M27S,484,42,3
ungHm_gsWvA,Uchinaguchi Study Group (#16) - Vocabulary - Nouns - Family  (Okinawan Language æ²–ç¸„èª),Uchinaguchi Study Group  (Okinawan language),2021-07-23T10:21:31Z,Okinawan Language Study Group Link to a list of all Uchinaguchi Study Group videos ...,Uchinaguchi Study Group,https://i.ytimg.com/vi/ungHm_gsWvA/hqdefault.jpg,PT8M57S,704,56,6
WU4GKzO9CA4,Uchinaguchi Study Group (#24) - Vocabulary - Adjectives (#2)    (Okinawan Language æ²–ç¸„èª),Uchinaguchi Study Group  (Okinawan language),2021-09-24T10:15:00Z,Okinawan Language Study Group Link to a list of all Uchinaguchi Study Group videos ...,Uchinaguchi Study Group,https://i.ytimg.com/vi/WU4GKzO9CA4/hqdefault.jpg,PT7M22S,230,25,7
geGB8G8-dHQ,Uchinaguchi Study Group (#29) - Grammar - Question Word &quot;Taa&quot; (Who)   (Okinawan Language æ²–ç¸„èª),Uchinaguchi Study Group  (Okinawan language),2021-11-05T10:15:02Z,Okinawan Language Study Group Link to a list of all Uchinaguchi Study Group videos ...,Uchinaguchi Study Group,https://i.ytimg.com/vi/geGB8G8-dHQ/hqdefault.jpg,PT10M38S,290,24,15
-Vjz8ExrRZM,Uchinaguchi Study Group (#27) - Grammar - Sentence Particle &quot;nkai&quot;  (Okinawan Language æ²–ç¸„èª),Uchinaguchi Study Group  (Okinawan language),2021-10-15T10:15:00Z,Okinawan Language Study Group Link to a list of all Uchinaguchi Study Group videos ...,Uchinaguchi Study Group,https://i.ytimg.com/vi/-Vjz8ExrRZM/hqdefault.jpg,PT9M8S,257,19,6
61Rns9dLRrI,Uchinaguchi Study Group (#47) - Grammar - Question Word - Maa (Where)   (Okinawan Language æ²–ç¸„èª),Uchinaguchi Study Group  (Okinawan language),2022-03-18T10:15:00Z,Okinawan Language Study Group Link to a list of all Uchinaguchi Study Group videos ...,Uchinaguchi Study Group,https://i.ytimg.com/vi/61Rns9dLRrI/hqdefault.jpg,PT9M34S,331,31,13
r5dzd3RYUbE,Uchinaguchi Study Group (#33) - Special Topics - Okinawan Surnames   (Okinawan Language æ²–ç¸„èª),Uchinaguchi Study Group  (Okinawan language),2021-12-03T10:15:01Z,Okinawan Language Study Group Link to a list of all Uchinaguchi Study Group videos ...,Uchinaguchi Study Group,https://i.ytimg.com/vi/r5dzd3RYUbE/hqdefault.jpg,PT14M36S,2633,231,86
poVV32Z7vjU,Uchinaguchi Study Group (#23) - Vocabulary - Verbs (#2)    (Okinawan Language æ²–ç¸„èª),Uchinaguchi Study Group  (Okinawan language),2021-09-17T10:15:02Z,Okinawan Language Study Group Link to a list of all Uchinaguchi Study Group videos ...,Uchinaguchi Study Group,https://i.ytimg.com/vi/poVV32Z7vjU/hqdefault.jpg,PT6M34S,298,26,12
BS0s6wMpVJM,Uchinaguchi Study Group (#34) - Vocabulary - Body related  (Okinawan Language æ²–ç¸„èª),Uchinaguchi Study Group  (Okinawan language),2021-12-10T10:00:05Z,Okinawan Language Study Group Link to a list of all Uchinaguchi Study Group videos ...,Uchinaguchi Study Group,https://i.ytimg.com/vi/BS0s6wMpVJM/hqdefault.jpg,PT9M55S,294,23,6
lt-0clKCVCk,Uchinaguchi Study Group (#36) - Special Topics - Geography of Ryukyus Part 2 (Okinawan Language æ²–ç¸„èª),Uchinaguchi Study Group  (Okinawan language),2021-12-24T10:15:03Z,Okinawan Language Study Group Link to a list of all Uchinaguchi Study Group videos ...,Uchinaguchi Study Group,https://i.ytimg.com/vi/lt-0clKCVCk/hqdefault.jpg,PT10M36S,314,34,4
nrMiTv2KE4g,Uchinaguchi Study Group (#42) -  Grammar - Sentence Particle &quot;yaka&quot; (Okinawan Language æ²–ç¸„èª),Uchinaguchi Study Group  (Okinawan language),2022-02-11T10:15:01Z,Okinawan Language Study Group Link to a list of all Uchinaguchi Study Group videos ...,Uchinaguchi Study Group,https://i.ytimg.com/vi/nrMiTv2KE4g/hqdefault.jpg,PT5M39S,240,24,8
_g0PJQv3xYg,Uchinaguchi Study Group (#39) - Grammar - Connecting particle &quot;tu&quot;   (Okinawan Language æ²–ç¸„èª),Uchinaguchi Study Group  (Okinawan language),2022-01-21T10:15:00Z,Okinawan Language Study Group Link to a list of all Uchinaguchi Study Group videos ...,Uchinaguchi Study Group,https://i.ytimg.com/vi/_g0PJQv3xYg/hqdefault.jpg,PT7M27S,198,24,7
gVdfhjB1JDg,Uchinaguchi Study Group (#51) - Verb Conjugation - Past Casual   (Okinawan Language æ²–ç¸„èª),Uchinaguchi Study Group  (Okinawan language),2022-06-04T00:27:56Z,Okinawan Language Study Group @Uchinaguchi_SG Link to a list of all Uchinaguchi Study Group videos ...,Uchinaguchi Study Group,https://i.ytimg.com/vi/gVdfhjB1JDg/hqdefault.jpg,PT9M38S,686,35,18
RSyQgkU4Uh8,Uchinaguchi Study Group (#32) - Verb Conjugation - Present Polite Form  (Okinawan Language æ²–ç¸„èª),Uchinaguchi Study Group  (Okinawan language),2021-11-26T10:15:01Z,Okinawan Language Study Group Link to a list of all Uchinaguchi Study Group videos ...,Uchinaguchi Study Group,https://i.ytimg.com/vi/RSyQgkU4Uh8/hqdefault.jpg,PT8M23S,290,25,5
fKIdh4fANq0,Uchinaguchi Study Group (#31) - Vocabulary - Time Related  (Okinawan Language æ²–ç¸„èª),Uchinaguchi Study Group  (Okinawan language),2021-11-19T10:15:03Z,Okinawan Language Study Group Link to a list of all Uchinaguchi Study Group videos ...,Uchinaguchi Study Group,https://i.ytimg.com/vi/fKIdh4fANq0/hqdefault.jpg,PT6M36S,202,25,8
v3mIgJzoM4I,Uchinaguchi Study Group (#46) - Grammar - Sentence Particle &quot;Yatin&quot; ã‚„ã¦ãƒã‚“  (Okinawan Language æ²–ç¸„èª),Uchinaguchi Study Group  (Okinawan language),2022-03-11T10:15:03Z,Okinawan Language Study Group Link to a list of all Uchinaguchi Study Group videos ...,Uchinaguchi Study Group,https://i.ytimg.com/vi/v3mIgJzoM4I/hqdefault.jpg,PT5M13S,235,25,6
_0FGomAqHcE,Uchinaguchi Study Group (#19) - Special Topics - Asian Zodiac    (Okinawan Language æ²–ç¸„èª),Uchinaguchi Study Group  (Okinawan language),2021-08-20T10:15:02Z,Okinawan Language Study Group Link to a list of all Uchinaguchi Study Group videos ...,Uchinaguchi Study Group,https://i.ytimg.com/vi/_0FGomAqHcE/hqdefault.jpg,PT9M30S,392,43,5
OLAPmLszp40,Uchinaguchi Study Group (#48) - Special Topics - Review  (Okinawan Language æ²–ç¸„èª),Uchinaguchi Study Group  (Okinawan language),2022-03-25T10:15:00Z,Okinawan Language Study Group Link to a list of all Uchinaguchi Study Group videos ...,Uchinaguchi Study Group,https://i.ytimg.com/vi/OLAPmLszp40/hqdefault.jpg,PT11M35S,377,33,9
2NdyoG_WzW0,Uchinaguchi Study Group (#41) - Grammar - Sentence Particle &quot;n&quot; (ã‚“)   (Okinawan Language æ²–ç¸„èª),Uchinaguchi Study Group  (Okinawan language),2022-02-04T10:15:00Z,Okinawan Language Study Group Link to a list of all Uchinaguchi Study Group videos ...,Uchinaguchi Study Group,https://i.ytimg.com/vi/2NdyoG_WzW0/hqdefault.jpg,PT5M14S,212,27,7
lNjWxi9oX-Q,Uchinaguchi Study Group (#37) -  Situational - New Years Greetings (Okinawan Language æ²–ç¸„èª),Uchinaguchi Study Group  (Okinawan language),2022-01-07T10:15:03Z,Okinawan Language Study Group Link to a list of all Uchinaguchi Study Group videos ...,Uchinaguchi Study Group,https://i.ytimg.com/vi/lNjWxi9oX-Q/hqdefault.jpg,PT8M21S,470,49,18
IGKTiMOc_uo,Uchinaguchi Study Group (#38) - Grammar - Adjective Conjugation - Negative    (Okinawan Languageæ²–ç¸„èª),Uchinaguchi Study Group  (Okinawan language),2022-01-14T10:15:00Z,Okinawan Language Study Group Link to a list of all Uchinaguchi Study Group videos ...,Uchinaguchi Study Group,https://i.ytimg.com/vi/IGKTiMOc_uo/hqdefault.jpg,PT11M7S,244,22,12
IS_kDHW1Ir8,Uchinaguchi Study Group (#28) - Grammar - Object Marker  (Okinawan Language æ²–ç¸„èª),Uchinaguchi Study Group  (Okinawan language),2021-10-22T10:15:01Z,Okinawan Language Study Group Link to a list of all Uchinaguchi Study Group videos ...,Uchinaguchi Study Group,https://i.ytimg.com/vi/IS_kDHW1Ir8/hqdefault.jpg,PT4M30S,180,17,5
EV37aEjwj6E,Uchinaguchi Study Group (#18) - Situational - Self-Introduction (#2)    (Okinawan Language æ²–ç¸„èª),Uchinaguchi Study Group  (Okinawan language),2021-08-13T10:15:00Z,Okinawan Language Study Group Link to a list of all Uchinaguchi Study Group videos ...,Uchinaguchi Study Group,https://i.ytimg.com/vi/EV37aEjwj6E/hqdefault.jpg,PT13M25S,478,33,8
ekk9jzi6Clk,Uchinaguchi Study Group (#7) - Situational - Common Phrases (#1)    (Okinawan Language æ²–ç¸„èª),Uchinaguchi Study Group  (Okinawan language),2021-05-21T10:15:05Z,Uchinaguchi_SG (Twitter) Link to a list of all Uchinaguchi Study Group videos ...,Uchinaguchi Study Group,https://i.ytimg.com/vi/ekk9jzi6Clk/hqdefault.jpg,PT7M48S,2028,109,9
4uwMiiw84jU,"Uchinaguchi Study Group (#2) - Special Topics - Ryukyu, Uchinaa, Okinawa  (Okinawan Language æ²–ç¸„èªï¼‰",Uchinaguchi Study Group  (Okinawan language),2021-04-16T10:15:00Z,Uchinaguchi_SG (Twitter) Okinawan Language Study Group Link to a list of all Uchinaguchi Study Group videos ...,Uchinaguchi Study Group,https://i.ytimg.com/vi/4uwMiiw84jU/hqdefault.jpg,PT13M1S,1645,99,16
OJ4jiqfVdjI,Learn Japanese and enjoy the beauty of Okinawa| International Center for Language and Culture (ICLC),Go! Go! Nihon Live & Study in Japan,2023-06-26T07:10:13Z,SCHOOL INTRODUCTION The International Center for Language and Culture (ICLC) is a Japanese language school located on ...,learn Okinawan language,https://i.ytimg.com/vi/OJ4jiqfVdjI/hqdefault.jpg,PT5M8S,4242,87,13
0YETBcdBNj8,Learning Okinawan Language Vol.5,OkinaWanderer,2022-03-22T01:30:00Z,"Let's learn Uchina-guchi (Okinawan Language)!! This time, Na - Ni - Nu - Ne - No Please subscribe to the OkiWan YouTube ...",learn Okinawan language,https://i.ytimg.com/vi/0YETBcdBNj8/hqdefault.jpg,PT52M2S,131,9,4
-X4fHjQac4w,Let&#39;s learning Uchinaguchi (Okinawan Language) Vol.3!!,OkinaWanderer,2021-04-24T03:53:52Z,"Okinawan Language, Uchina-guchi, is very unique and hard to understand even it for mainland Japanese. This time, we learn ...",learn Okinawan language,https://i.ytimg.com/vi/-X4fHjQac4w/hqdefault.jpg,PT44M11S,321,21,2
btKUBX_FOSM,Let&#39;s learn Uchina Guchi (Okinawan language) Vol.1,OkinaWanderer,2020-12-06T08:16:01Z,"As you might know, Okinawan language is really different from Japanese. And basically Japanese in mainlander can not ...",learn Okinawan language,https://i.ytimg.com/vi/btKUBX_FOSM/hqdefault.jpg,PT35M42S,3929,190,31
nMrpVGMwaME,Hello in Okinawan,Learning Specialist,2022-05-03T16:01:17Z,,learn Okinawan language,https://i.ytimg.com/vi/nMrpVGMwaME/hqdefault.jpg,PT6S,148,5,0
UdFtnzT9t2E,Special Edition: Speaking with an Okinawan! - Learning Japanese Week 1,Bernadette Plazola,2014-12-05T07:40:43Z,"Today I videotaped myself speaking with an Okinawan. She asked me what questions I would be asking her, which I shared with ...",learn Okinawan language,https://i.ytimg.com/vi/UdFtnzT9t2E/hqdefault.jpg,PT2M15S,1348,16,4
JX7qq8ZLuU8,A Karate Guide For Okinawa Travellers,Jesse Enkamp,2021-01-23T11:05:22Z,Learn how to practice Karate in Okinawan dojos for visitors and foreigners. 0:00 Okinawan Karate Expert James Pankiewicz 0:50 ...,learn Okinawan language,https://i.ytimg.com/vi/JX7qq8ZLuU8/hqdefault.jpg,PT13M26S,84774,3528,285
Da9WqHOsihs,Okinawa Cuisine  History &amp; Flavors #okinawa #cuisine #flavors #food #english,Cook Cookie,2024-04-29T09:00:08Z,Subscribe to my channel to receive more interesting videos. ============================= If there is any incorrect ...,learn Okinawan language,https://i.ytimg.com/vi/Da9WqHOsihs/hqdefault.jpg,PT41S,86,4,0
jXKONEuXVyo,Discover the Okinawan Secret to Weight Loss_ The Harahachi Buu Method,Dailyinspire,2024-02-05T03:42:06Z,Discover the Okinawan Secret to Weight Loss_ The Harahachi Buu Method.,learn Okinawan language,https://i.ytimg.com/vi/jXKONEuXVyo/hqdefault.jpg,PT24S,5311,71,3
3KPDS-9zd5s,Let&#39;s learning Uchinaguchi (Okinawan Language) Vol.4!!,OkinaWanderer,2021-11-30T01:30:00Z,"Okinawan Language, Uchina-guchi, is very unique and hard to understand even it for mainland Japanese. This time, we learn ...",learn Okinawan language,https://i.ytimg.com/vi/3KPDS-9zd5s/hqdefault.jpg,PT48M5S,131,12,5
BrijT9U1ivg,Learning ã‚¦ãƒãƒŠãƒ¼ã‚¯ã‚™ãƒ (Okinawa Dialect)!!,Chicken & Rice,2019-11-24T11:12:44Z,Learning Okinawa Japanese dialect was a truuuueeeee challenge. Shout out to Dueling though for helping me understand some ...,learn Okinawan language,https://i.ytimg.com/vi/BrijT9U1ivg/hqdefault.jpg,PT10M10S,13733,288,33
