title,channel,views,published,url
Tokyo dialect VS Okinawa dialect! #shorts,Mochi Real Japanese,47552,2023-11-30T11:43:31Z,https://www.youtube.com/watch?v=zu8QU0vKFtM
My Okinawa Language /Uchinaguchi Lesson â‘  in English ğŸŒŸè‹±èªã§å­¦ã¶æ²–ç¸„æ–¹è¨€ã€ã†ã¡ãªãƒ¼ãã¡â‘ ,MyOkinawaStory â­ï¸æˆ‘çš„æ²–ç¸„ç‰©èª,929,2020-06-16T08:19:25Z,https://www.youtube.com/watch?v=7-L8Jq49LtU
My Okinawa language/Uchinaguchi lesson in Chinese â‘  ä¸­å›½èªã§å­¦ã¶æ²–ç¸„æ–¹è¨€/ã†ã¡ãªãƒ¼ãã¡â‘ ã€ multi-language Challenge,MyOkinawaStory â­ï¸æˆ‘çš„æ²–ç¸„ç‰©èª,205,2020-06-24T08:45:00Z,https://www.youtube.com/watch?v=kigGuWNigjo
Uchinaguchi/Okinawan language Lesson 7 è‹±èªã§å­¦ã¶æ²–ç¸„æ–¹è¨€ï¼— TOP3 Okinawan Words for LOVE.,MyOkinawaStory â­ï¸æˆ‘çš„æ²–ç¸„ç‰©èª,278,2021-07-16T23:30:02Z,https://www.youtube.com/watch?v=w0yTJyNOfCw
Uchinaguchi Lesson Vol.10  &quot;Ho (Po)&quot;,OkinaWanderer,81,2023-02-01T01:30:20Z,https://www.youtube.com/watch?v=zZxMq4jxSi4
Beginner English Lesson | Okinawan Dances,TESOLCREATIONS,39,2021-09-10T22:14:17Z,https://www.youtube.com/watch?v=VNAuYIz1X2Y
Uchinaguchi Lesson Vol.6 &quot;Ha&quot;,OkinaWanderer,69,2023-01-19T01:30:07Z,https://www.youtube.com/watch?v=KVQmwVtfblY
Uchinaguchi Lesson Vol.8  &quot;Fu&quot;,OkinaWanderer,55,2023-01-30T01:30:03Z,https://www.youtube.com/watch?v=EMO-fU6WENo
Secrets of Longevity: Lessons from Okinawan Centenarians,Vitality Again,5,2025-05-23T08:40:01Z,https://www.youtube.com/watch?v=_bH5GtdfwPA
æ˜æ—¥ä½¿ãˆã‚‹ï¼æ²–ç¸„æ–¹è¨€è¬›åº§â‘¡,å—ã®å³¶ã®ãŠã°ãƒ¼ã¨å­«,192822,2019-09-21T06:00:19Z,https://www.youtube.com/watch?v=yrPPKLocWlw
"My Okinawa language/Uchinaguchi Lesson â‘¡ in VIETNAMESE. ã€Œãƒ™ãƒˆãƒŠãƒ èªã§å­¦ã¶æ²–ç¸„æ–¹è¨€ã€ã†ã¡ãªãƒ¼ãã¡â‘¡ã€Okinawa Story, æ²–ç¸„ã‚¹ãƒˆãƒ¼ãƒªãƒ¼",MyOkinawaStory â­ï¸æˆ‘çš„æ²–ç¸„ç‰©èª,117,2020-08-05T02:00:02Z,https://www.youtube.com/watch?v=WHut8ZvfHgE
Uchinaguchi Lesson Vol.7  &quot;Hi&quot;,OkinaWanderer,65,2023-01-23T01:30:02Z,https://www.youtube.com/watch?v=38_Mff7ymJM
"My Okinawa language/Uchinaguchi Lesson ï¼“ in English. ã€Œè‹±èªã§å­¦ã¶æ²–ç¸„æ–¹è¨€ã€ã†ã¡ãªãƒ¼ãã¡ï¼“ã€Okinawa Story, æ²–ç¸„ã‚¹ãƒˆãƒ¼ãƒªãƒ¼",MyOkinawaStory â­ï¸æˆ‘çš„æ²–ç¸„ç‰©èª,534,2020-08-21T23:30:01Z,https://www.youtube.com/watch?v=MOpp_woMuds
"å­¦å†²ç»³è¯­ç¬¬2è¯¾ My Okinawa language/Uchinaguchi Lesson â‘¡ Chinese. ã€Œä¸­å›½èªã§å­¦ã¶æ²–ç¸„æ–¹è¨€ã€ã†ã¡ãªãƒ¼ãã¡â‘¡ã€Okinawa Story, æ²–ç¸„ã‚¹ãƒˆãƒ¼ãƒªãƒ¼",MyOkinawaStory â­ï¸æˆ‘çš„æ²–ç¸„ç‰©èª,224,2020-07-29T07:49:07Z,https://www.youtube.com/watch?v=bcdaVJ9exEE
"My Okinawa language/Uchinaguchi Lesson â‘¡ in English. ã€Œè‹±èªã§å­¦ã¶æ²–ç¸„æ–¹è¨€ã€ã†ã¡ãªãƒ¼ãã¡â‘¡ã€Okinawa Story, æ²–ç¸„ã‚¹ãƒˆãƒ¼ãƒªãƒ¼",MyOkinawaStory â­ï¸æˆ‘çš„æ²–ç¸„ç‰©èª,426,2020-07-25T05:00:04Z,https://www.youtube.com/watch?v=Q8EFTK1WJxQ
Lesson 1 - Hello in Uchinaaguchi,Brandon Ing - Topic,310,2022-11-25T22:57:33Z,https://www.youtube.com/watch?v=UUy744ydKyE
Let&#39;s sing Uchinaaguchi! Lesson 1,Let's Sing Uchinaaguchi,32797,2012-01-26T22:21:01Z,https://www.youtube.com/watch?v=nwk8o_r00MA
Let&#39;s sing Uchinaaguchi! Lesson 2,Let's Sing Uchinaaguchi,26494,2012-03-30T05:55:15Z,https://www.youtube.com/watch?v=lrx7-tv9h-c
Let&#39;s sing Uchinaaguchi! Lesson 1 (LIVE @Jikoen),Let's Sing Uchinaaguchi,1589,2016-04-14T05:50:18Z,https://www.youtube.com/watch?v=4TcSgXtto94
JICC Mini Lesson - Japanese Dialects  Okinawan,"JICC: Japan Information & Culture Center, Embassy of Japan",863,2020-06-01T20:25:36Z,https://www.youtube.com/watch?v=smDshRoJeuo
Uchinaguchi Lesson Vol.9 ã€ã»ï¼ˆã½ï¼‰ã€,ãƒœã‚¹ã‚¤ã‚±ãƒãƒ£ãƒ³ãƒãƒ«,29,2023-02-01T01:30:22Z,https://www.youtube.com/watch?v=cA8MOHPtnQ8
Standard Japanese VS Okinawa Japanese,Sprixentrix,2209,2023-02-28T07:21:36Z,https://www.youtube.com/watch?v=BUKVd1Ba5S8
Uchinaaguchi (Okinawan Language) mini lesson,Koutaro Yuuji,3032,2020-11-01T23:44:13Z,https://www.youtube.com/watch?v=rKXy2r0cD1s
"My Okinawa language/Uchinaguchi Lesson â‘¡ in Malay. ã€Œãƒãƒ¬ãƒ¼èªã§å­¦ã¶æ²–ç¸„æ–¹è¨€ã€ã†ã¡ãªãƒ¼ãã¡â‘¡ã€Okinawa Story, æ²–ç¸„ã‚¹ãƒˆãƒ¼ãƒªãƒ¼",MyOkinawaStory â­ï¸æˆ‘çš„æ²–ç¸„ç‰©èª,757,2020-08-11T02:00:02Z,https://www.youtube.com/watch?v=9ljUdn0KpH0
Lesson 14-2 Let&#39;s Learn Okinawa Dialect!,Grace Yuu Asakura,10244,2016-01-29T07:38:18Z,https://www.youtube.com/watch?v=Tac107CQqJ4
Uchinaguchi Lesson Vol.6 ã€ã¯ã€,ãƒœã‚¹ã‚¤ã‚±ãƒãƒ£ãƒ³ãƒãƒ«,57,2023-01-19T01:30:01Z,https://www.youtube.com/watch?v=66wNMcUDdC4
Uchinaguchi Lesson Vol.8 ã€ãµã€,ãƒœã‚¹ã‚¤ã‚±ãƒãƒ£ãƒ³ãƒãƒ«,12,2023-01-30T01:30:04Z,https://www.youtube.com/watch?v=7t8_aPzVNak
The Okinawan Language - Chanukah #shorts 2/8 #okinawan #uchinaguchi,Che Languages,3168,2022-12-19T11:41:07Z,https://www.youtube.com/watch?v=qr0OlTZIQ-0
"SAI Tutorial ,traditional Okinawan weapon (Ryukyu , Okinawa Kobudo)",Kohji Katoh,13718,2020-05-11T07:34:48Z,https://www.youtube.com/watch?v=YiaMffbKv8E
My Okinawa language Lesson 6 in Englishã€Œè‹±èªã§å­¦ã¶ã†ã¡ãªãƒ¼ãã¡6ã€&quot;Okinawan food which you can find in Singapore&quot;,MyOkinawaStory â­ï¸æˆ‘çš„æ²–ç¸„ç‰©èª,492,2021-04-03T11:00:07Z,https://www.youtube.com/watch?v=M6l317gp_YI
Ohio Tomonokai Okinawan Folk Dancing Lesson,James Knott,5678,2007-08-28T04:25:14Z,https://www.youtube.com/watch?v=LmP1H5jYHkE
Uchinaguchi Lesson Vol.9 ã€ã¸ï¼ˆã¹ï¼‰ã€,ãƒœã‚¹ã‚¤ã‚±ãƒãƒ£ãƒ³ãƒãƒ«,11,2023-01-31T01:30:03Z,https://www.youtube.com/watch?v=F9zMNSDxv8U
Uchinaguchi Lesson Vol.9  &quot;He (Be)&quot;,OkinaWanderer,45,2023-01-31T01:30:30Z,https://www.youtube.com/watch?v=wYt0g44_Rjs
æ˜æ—¥ä½¿ãˆã‚‹ï¼æ²–ç¸„æ–¹è¨€è¬›åº§ â‘ ,å—ã®å³¶ã®ãŠã°ãƒ¼ã¨å­«,338538,2019-09-14T10:06:27Z,https://www.youtube.com/watch?v=622IehSSb0k
Okinawan Karate Pressure Point Strikes,THE MARTIAL MAN,4662,2025-02-03T06:48:21Z,https://www.youtube.com/watch?v=EgEcgXGJvqM
Uchinaguchi Lesson Vol.7 ã€ã²ã€,ãƒœã‚¹ã‚¤ã‚±ãƒãƒ£ãƒ³ãƒãƒ«,24,2023-01-23T01:30:22Z,https://www.youtube.com/watch?v=jgdlsfQMLBE
Karate 27 Basic Movements | Okinawan Karate | Every day Karate at Home | Ageshio Japan #shorts,Okinawa Karate Masters,2981,2024-11-27T13:57:40Z,https://www.youtube.com/watch?v=SE1D5KzlD9o
&quot; TOP 5 Useful OKINAWA words &quot;  My Okinawa language Lesson ï¼” in English. ã€Œè‹±èªã§å­¦ã¶æ²–ç¸„æ–¹è¨€ã€ã†ã¡ãªãƒ¼ãã¡ï¼”ã€,MyOkinawaStory â­ï¸æˆ‘çš„æ²–ç¸„ç‰©èª,325,2020-09-05T06:13:43Z,https://www.youtube.com/watch?v=FtoFtzRHP88
Basic Karate Punches | Okinawan Karate | Everyday Karate at Home | Ageshio Japan,Okinawa Karate Masters,143566,2022-12-16T11:00:02Z,https://www.youtube.com/watch?v=4zrufBoxSuQ
My Okinawa Language lesson in Multi-Languages. PR Video.Okinawa storyã€€å¤šè¨€èªã§å­¦ã¶ã€Œæ²–ç¸„æ–¹è¨€ã€ã‚¦ãƒãƒŠãƒ¼ã‚°ãƒã€ãƒ—ãƒ­ãƒ¢ãƒ¼ã‚·ãƒ§ãƒ³ãƒ“ãƒ‡ã‚ª,MyOkinawaStory â­ï¸æˆ‘çš„æ²–ç¸„ç‰©èª,517,2020-07-11T07:00:12Z,https://www.youtube.com/watch?v=Tf6DFPM68Ok
Lesson Spin-Off ~OKINAWA~,åœŸæ›œè¬›åº§ã‚¯ãƒ©ãƒ– ~ Je me souviens ~,322,2014-09-28T12:59:04Z,https://www.youtube.com/watch?v=JYvt4M4F2vI
Okinawan Karate Pressure Point Takedown #karate #okinawa,THE MARTIAL MAN,12742,2024-01-02T02:37:23Z,https://www.youtube.com/watch?v=dpHL52C6C9o
Karate 27 Basic Movements | Okinawan Karate | Every day Karate at Home | Ageshio Japan,Okinawa Karate Masters,2431844,2022-05-17T11:00:07Z,https://www.youtube.com/watch?v=FQxa9Cj7KAE
10th Dan Okinawan Karate Sensei explains why he punches with the first two knuckles ğŸ‘Š,THE MARTIAL MAN,118791,2023-02-01T16:20:55Z,https://www.youtube.com/watch?v=LjLkZDwaQws
"TOP 3 useful Okinawan words for CONVID19 in English,  Lesson 8.  è‹±èªã§å­¦ã¶ã‚¦ãƒãƒŠãƒ¼ã‚°ãƒæ²–ç¸„æ–¹è¨€,ã‚³ãƒ­ãƒŠç¦ã§ä½¿ã†æ²–ç¸„æ–¹è¨€BEST 3.",MyOkinawaStory â­ï¸æˆ‘çš„æ²–ç¸„ç‰©èª,98,2021-10-09T02:30:01Z,https://www.youtube.com/watch?v=55dJNCdhG-c
NUMBERS IN OKINAWAN LANGUAGE,ILoveLanguages!,6217,2025-04-11T15:30:10Z,https://www.youtube.com/watch?v=Iioy3GAlVvc
Learn Japanese in Okinawa! ğŸ‡¯ğŸ‡µğŸŒ´ğŸŒŠ #shorts,Sakiâ€™s Japanese Lessons,1653,2022-11-20T16:00:37Z,https://www.youtube.com/watch?v=u_kWJIF5C70
æ²–ç¸„æ–¹è¨€è¬›åº§ï¼,ãŠã°ãTube! æ²–ç¸„ã‹ã‚‰ä»‹è­·è·ã®é­…åŠ›ç™ºä¿¡,1881,2022-06-02T11:24:18Z,https://www.youtube.com/watch?v=UrDi5lpX4jw
"&quot; TOP 3 WORDS , You can impress Okinawans &quot;  My Okinawa language Lesson 5 in English. ã€Œè‹±èªã§å­¦ã¶ã†ã¡ãªãƒ¼ãã¡5ã€",MyOkinawaStory â­ï¸æˆ‘çš„æ²–ç¸„ç‰©èª,355,2020-09-25T23:45:01Z,https://www.youtube.com/watch?v=VEyQsn-v96k
Okinawan Karate - Goju Ryu Sanchin,Iron Ronin Budo,2258,2023-05-06T14:02:21Z,https://www.youtube.com/watch?v=E5D-SJ0nDHA
"The Okinawan language, casually spoken | Gijs and Takako speaking Uchinaaguchi | Wikitongues",Wikitongues,96540,2022-08-17T20:19:20Z,https://www.youtube.com/watch?v=0T2OnDntxOI
Is Okinawan a dialect of Japanese or a separate language?,Rob Kajiwara,33410,2018-11-28T08:47:37Z,https://www.youtube.com/watch?v=6ZjVmtlW8q0
JAPANESE &amp; OKINAWAN (STANDARD SHURI DIALECT),ILoveLanguages!,123523,2023-03-21T14:07:30Z,https://www.youtube.com/watch?v=cbZ837G4ArM
Japanese VS Okinawan. How Different Are They? REALITY CHECK,Metatron's Academy,20689,2023-08-27T23:00:28Z,https://www.youtube.com/watch?v=NntK3WM1J-k
Common Okinawan Phrases | Uchinaguchi for Beginners,Rob Kajiwara,8400,2020-10-28T08:09:36Z,https://www.youtube.com/watch?v=Ny9lvA_2A6Y
Conversation in the Okinawan language,LanguageOdditorium,65585,2011-12-16T12:54:07Z,https://www.youtube.com/watch?v=1ZWtnP0ft2s
"How to say &quot;excuse me&quot; in the Okinawan language, Uchinaguchi",Rob Kajiwara,2362,2019-05-08T08:06:12Z,https://www.youtube.com/watch?v=fZdGRX1iucU
Ikigai &amp; Moai: Secrets to Okinawan Happiness &amp; Longevity,GreenInPulse,1095,2025-05-22T22:55:03Z,https://www.youtube.com/watch?v=fXYqKLuIeR0
What&#39;s Up With Okinawan Names? - A Language History,Unseen Japan,31421,2020-08-11T12:01:06Z,https://www.youtube.com/watch?v=Eza2CwrTR8Y
Language vs Dialect #okinawa #language,Letsgokinawa ,8179,2023-09-26T15:19:47Z,https://www.youtube.com/watch?v=LZ9vYcMfhSQ
"How to say &quot;Thank You&quot; in the Okinawan language, Uchinaguchiï½œã†ã¡ãªãƒ¼ãã¡ æˆæ¥­ï½œç‰çƒèª",Rob Kajiwara,7654,2020-11-17T06:24:43Z,https://www.youtube.com/watch?v=CevZmVbiAsY
OKINAWEN - Japans HIDDEN Island Language ğŸ‡¯ğŸ‡µğŸ’¬ #okinawa #languages #japaneseculture,World Eddie,2311,2024-11-02T01:51:29Z,https://www.youtube.com/watch?v=ka3rTNS-Xms
Are Okinawan&#39;s Japanese?,Muteki Matt,40277,2020-07-21T01:00:08Z,https://www.youtube.com/watch?v=zaTVtuhpMnw
Learn the Okinawan Dialect in Japan,Staycloudy14,815,2023-12-22T09:00:31Z,https://www.youtube.com/watch?v=RM8oMUj2NJM
Okinawan Numbers | How to count 1-10 in the Okinawan language | Uchinaguchi,Rob Kajiwara,4787,2020-10-12T05:14:43Z,https://www.youtube.com/watch?v=ds-cYjAjpIY
What Japan thinks of the Okinawan language,Rob Kajiwara,2571,2020-06-13T04:03:03Z,https://www.youtube.com/watch?v=tQhJp4C6ihg
Okinawan Language Program with Japanese Subtitles,à¬…à¬¨à­à¬µà­‡à¬· à¬ªà¬¤à¬¿,514,2022-02-26T08:07:49Z,https://www.youtube.com/watch?v=Z7C-Xv722_8
JEJU &amp; OKINAWAN,ILoveLanguages!,18125,2023-12-02T14:00:31Z,https://www.youtube.com/watch?v=VQg97pb3NYc
Okinawan vs Tokyo Native What&#39;s the BIGGEST Cultural Difference?,Japan Documented,21205,2024-10-29T12:00:31Z,https://www.youtube.com/watch?v=JYlPKj_lZUs
My terrible attempt to speak Okinawan language (uchiaaguchi) from memory,JoshTheCollins,4702,2021-06-05T16:18:10Z,https://www.youtube.com/watch?v=XGjZWkD6x2U
Descent of Tongues: Okinawan,Linguistics Direct,6851,2016-10-03T18:04:57Z,https://www.youtube.com/watch?v=e8VFYct1y9g
Japan&#39;s Stereotypes Against Amejo in Okinawa,VICE Asia,367111,2021-07-22T12:00:11Z,https://www.youtube.com/watch?v=70H0EA83dJA
Okinawa dialect older brother and sister,Wright Juku Online,4077,2021-10-02T05:19:51Z,https://www.youtube.com/watch?v=E_ocl6xwkTk
JAPONIC: KAGOSHIMA &amp; OKINAWAN,ILoveLanguages!,12225,2024-02-29T14:00:27Z,https://www.youtube.com/watch?v=iCCl7OD6okc
Definition of Okinawa vs Ryukyu #okinawa #history #japan #ryukyu,Letsgokinawa ,12054,2024-01-19T16:56:44Z,https://www.youtube.com/watch?v=uREwNnTvgVY
Okinawan colors | How to speak the Okinawan language | Uchinaguchi,Rob Kajiwara,1510,2020-10-17T00:34:01Z,https://www.youtube.com/watch?v=gpeO_h1Ck-4
Creating new words in the Okinawan language | ã†ã¡ãªãƒ¼ãã¡æ–°å­—ä½œæˆã•|æ²–ç¸„èªãƒ»ç‰çƒèª,Rob Kajiwara,3906,2020-05-25T07:06:53Z,https://www.youtube.com/watch?v=WGEKvmRiJrY
Do Okinawans See Themselves as Japanese? | JAPAN STREET INTERVIEW,Muramasa,7238,2025-02-28T10:12:38Z,https://www.youtube.com/watch?v=L2yvf-pQJ2I
Japanese from Okinawa in UK  #Okinawa #Japan #Japanese,Arnaud From France,4717,2023-06-11T19:45:00Z,https://www.youtube.com/watch?v=97YAK0T5rYQ
"MIYAKOAN LANGUAGE, PEOPLE, &amp; CULTURE",ILoveLanguages!,19754,2024-07-01T14:00:41Z,https://www.youtube.com/watch?v=qmUgDxEEpoU
How to say â€œHelloâ€ in okinawan language! Study okinawan language.  Haisai and haitai.,World Okinawa Channel,1497,2021-05-12T13:27:06Z,https://www.youtube.com/watch?v=q7Ef3hPNY-w
What is Uchinaguchi?! How important is this Okinawan language to its society?,Orane Reid,432,2021-07-02T09:18:26Z,https://www.youtube.com/watch?v=vw8n2t5vDV4
"Yes, we spoke in Japanese the whole time with strong Okinawan accent #businessinjapan #okinawa #tea",Christal Burnette - Haitai Longevity,4908,2024-01-23T11:54:04Z,https://www.youtube.com/watch?v=YPF5R6n8HS4
#okinawa #irabu #snake #language #shimakutuba #uchinanchu,World Okinawa Channel,70,2025-03-04T14:43:57Z,https://www.youtube.com/watch?v=DAhDpLeJV50
#okinawa #language #yassa #uchinanchu,World Okinawa Channel,69,2024-08-16T22:40:01Z,https://www.youtube.com/watch?v=4R824Hy3rWc
æ²–ç¸„å¼ é¦–é‡Œ(1979å¹´) å­—å¹•è§£èª¬ä»˜ã [Okinawan language / Shuri dialect],minerva scientia,80382,2021-07-21T16:08:16Z,https://www.youtube.com/watch?v=F9Dee3lLkPM
How to say â€œThank youâ€ in Okinawan language! Study Okinawan language. Nifedebiru.,World Okinawa Channel,1004,2021-08-27T23:53:02Z,https://www.youtube.com/watch?v=RifHo7j-PeI
#okinawa #language #chibi #uchinanchu,World Okinawa Channel,133,2024-12-25T22:36:26Z,https://www.youtube.com/watch?v=HAIwBM6goCs
How to say goodbye in the Okinawan language | ã†ã¡ãªãƒ¼ãã¡æ²–ç¸„èªç‰çƒèª,Rob Kajiwara,2051,2020-12-03T08:24:30Z,https://www.youtube.com/watch?v=Wd3UwX-hVdU
Okinawan Secret - Yuimaaru!,Japan Talker,91,2023-07-04T12:00:27Z,https://www.youtube.com/watch?v=kO0a1yZBIJY
Okinawa Language and Identity: Q2 Japan,Q2Japan,11264,2018-04-18T00:48:05Z,https://www.youtube.com/watch?v=zqQfQgEWtlA
How to say â€œhow are you doing?â€ in okinawan language! Study okinawan language. Chaganjuune.,World Okinawa Channel,289,2021-06-04T01:31:48Z,https://www.youtube.com/watch?v=5uUvCnriQO4
Uchinaguchi Study Group (#1) - Special Topics - Channel Introduction  (Okinawa Language æ²–ç¸„èª),Uchinaguchi Study Group  (Okinawan language),2421,2021-04-09T10:15:02Z,https://www.youtube.com/watch?v=vXBRnbT7-Ac
Okinawan secrets - Ichariba Chode,Japan Talker,259,2023-07-03T12:00:38Z,https://www.youtube.com/watch?v=ncYkH2mZLI0
Uchinaguchi Study Group (#8) - Grammar - Sentence Pattern - &quot;This is&quot; ã‚„ã‚“  (Okinawan Language æ²–ç¸„èª),Uchinaguchi Study Group  (Okinawan language),1158,2021-05-28T10:15:02Z,https://www.youtube.com/watch?v=T1p0Mc_8BaQ
#okinawa #language #chuganabira   #uchinanchu,World Okinawa Channel,99,2024-08-13T10:16:06Z,https://www.youtube.com/watch?v=fCGUmB_hPCo
ã€æ²–ç¸„ã€‘é›£æ˜“åº¦MAXï¼ã‚¦ãƒãƒŠãƒ¼ã‚°ãƒï¼ã€ç§˜å¯†ã®ã‚±ãƒ³ãƒŸãƒ³SHOWæ¥µå…¬å¼|2022å¹´7æœˆ7æ—¥ æ”¾é€ã€‘,ã€å…¬å¼ã€‘ç§˜å¯†ã®ã‚±ãƒ³ãƒŸãƒ³SHOWæ¥µ,60974,2023-06-19T10:17:48Z,https://www.youtube.com/watch?v=R5RhF-x-dZk
ã€ã‚¢ãƒ•ãƒ¬ã‚³ã€‘ä¸€æ°—è¦‹ï¼†ãŠã¾ã‘ï¼ æ²–ç¸„æ–¹è¨€ ã™ãã‚‹ ç™½é›ªå§«ã€ç·é›†ç·¨ ã¾ã¨ã‚ã€‘ â€»å­ã©ã‚‚å‘ã‘ã‚³ãƒ³ãƒ†ãƒ³ãƒ„ã§ã¯ã‚ã‚Šã¾ã›ã‚“,rain@æ²–ç¸„æ–¹è¨€ã§æ­Œã£ã¦ã¿ãŸ,1876362,2024-03-01T11:00:07Z,https://www.youtube.com/watch?v=WHy2lBKEY-g
ã€ã‚¢ãƒ•ãƒ¬ã‚³ã€‘é¡ã‚ˆé¡ æ²–ç¸„ ã® è‹±èª (ã‚¦ãƒãƒŠãƒ¼ã‚¢ãƒŸãƒªã‚«ãƒ¼ã‚°ãƒ) ç·¨ ã¾ã¨ã‚ ã€ æ²–ç¸„æ–¹è¨€ ã™ãã‚‹ ç™½é›ªå§«ã€‘,rain@æ²–ç¸„æ–¹è¨€ã§æ­Œã£ã¦ã¿ãŸ,159555,2024-11-23T08:45:08Z,https://www.youtube.com/watch?v=3Gq-1I0XAhM
ç«¥ç¥ï¼ã‚¦ãƒãƒŠãƒ¼ã‚°ãƒ,kamadaa1,1373656,2011-06-27T06:27:14Z,https://www.youtube.com/watch?v=zXiIPp06SOY
ã€2024 æ–°ç¿»è¨³ã€‘ æ¶™ãã†ãã† ã‚¦ãƒãƒŠãƒ¼ã‚°ãƒ ver. ã€ æ²–ç¸„æ–¹è¨€ ã§ æ­Œã£ã¦ã¿ãŸ ã€‘,rain@æ²–ç¸„æ–¹è¨€ã§æ­Œã£ã¦ã¿ãŸ,51705,2024-07-20T08:45:07Z,https://www.youtube.com/watch?v=1r_f_a2aJKs
BEGINï¼æ¶™ãã†ãã†ï¼ˆã‚¦ãƒãƒŠãƒ¼ã‚°ãƒï¼‰,fujiki,2681688,2011-03-10T11:23:20Z,https://www.youtube.com/watch?v=Qn7J9clWODA
ã€æ²–ç¸„ã€‘ã‚¢ãƒŠã‚¿ã«ã¯ã‚ã‹ã‚‹ï¼ï¼Ÿæ¿€ãƒ ã‚ºæ²–ç¸„å¼ã€ç§˜å¯†ã®ã‚±ãƒ³ãƒŸãƒ³SHOWæ¥µå…¬å¼|2022å¹´7æœˆ7æ—¥ æ”¾é€ã€‘,ã€å…¬å¼ã€‘ç§˜å¯†ã®ã‚±ãƒ³ãƒŸãƒ³SHOWæ¥µ,2196894,2022-12-23T10:00:25Z,https://www.youtube.com/watch?v=rJWjQZgm5ss
ã€ãƒ•ãƒ«ã¯èª¬æ˜æ¬„â— ã‚¢ãƒ•ãƒ¬ã‚³ ã€‘çµ¶å¯¾ã«æ–¹è¨€ã§æ­Œã£ã¦ã¯ã„ã‘ãªã„ã€Œ Get Wild ã€ã€ æ²–ç¸„æ–¹è¨€ ã™ãã‚‹ ç™½é›ªå§« ãƒ•ãƒ«ã‚‚ã‚ã‚‹ã‚ˆç·¨ã€€æ­Œã£ã¦ã¿ãŸ ã€‘#shorts â€»ä¸€éƒ¨ã‚¦ãƒãƒŠãƒ¼ãƒ¤ãƒãƒˆã‚¥ã‚°ãƒã§ã™,rain@æ²–ç¸„æ–¹è¨€ã§æ­Œã£ã¦ã¿ãŸ,46559,2025-02-11T08:45:00Z,https://www.youtube.com/watch?v=DzHb2405Ots
ã€ã‚¢ãƒ•ãƒ¬ã‚³ã€‘å¸°ã£ã¦ããŸè¡æ’ƒã‚³ãƒ©ãƒœï¼PART2 æ²–ç¸„æ–¹è¨€ ã™ãã‚‹ ç™½é›ªå§« ã¨ æ±åŒ—æ–¹è¨€ ã™ãã‚‹ ã‚·ãƒ³ãƒ‡ãƒ¬ãƒ©ã€é¡ãŒã¾ã•ã‹ã®â€¦ï¼ï¼Ÿã€‘,rain@æ²–ç¸„æ–¹è¨€ã§æ­Œã£ã¦ã¿ãŸ,90776,2024-12-08T08:45:06Z,https://www.youtube.com/watch?v=0wAsfshA01M
ã†ã¡ãªãƒ¼ãã¡æœã®ãƒ©ã‚¸ã‚ªä½“æ“ï¼ˆ2012å¹´3æœˆ7æ—¥é…ä¿¡ï¼‰,CamplooOkinawa,450570,2012-03-07T04:31:52Z,https://www.youtube.com/watch?v=PxO_w-Gtn6k
ã€æ„Ÿå‹•ã€‘ ç«¥ç¥ ï½ã‚¦ãƒãƒŠãƒ¼ã‚°ãƒï½ rain coverã€ä¸‰ç·š æ²–ç¸„æ–¹è¨€ ã§ æ­Œã£ã¦ã¿ãŸã€‘,rain@æ²–ç¸„æ–¹è¨€ã§æ­Œã£ã¦ã¿ãŸ,82301,2024-01-03T08:45:08Z,https://www.youtube.com/watch?v=JSooBidAL9Q
ã€ ã‚¢ãƒ•ãƒ¬ã‚³ ã€‘ é¡ã‚ˆé¡ ã€Œ æ²–ç¸„ ã® è‹±èª (ã‚¦ãƒãƒŠãƒ¼ã‚¢ãƒŸãƒªã‚«ãƒ¼ã‚°ãƒ)ç·¨â‘  ãƒ¯ãƒ¼ãƒ©ãƒ¼ ã€ã€ æ²–ç¸„æ–¹è¨€ ã™ãã‚‹ ç™½é›ªå§« ã€‘ #shorts,rain@æ²–ç¸„æ–¹è¨€ã§æ­Œã£ã¦ã¿ãŸ,2991146,2024-11-05T08:45:00Z,https://www.youtube.com/watch?v=DeiUWdIRYP4
ã€æ–¹è¨€ ã§ æ­Œã£ã¦ã¿ãŸ ã€‘ æ²–ç¸„ å¥³æ€§ ãŒ æœ¬æ°—ã®ã‚¦ãƒãƒŠãƒ¼ã‚°ãƒã§ã€Œ ãƒ‡ãƒ“ãƒ«ãƒãƒ³ã®ã†ãŸ ã€ã€ ã‚¢ãƒ‹ã‚½ãƒ³ ã‚«ãƒãƒ¼ ã€‘devilman no uta,rain@æ²–ç¸„æ–¹è¨€ã§æ­Œã£ã¦ã¿ãŸ,367158,2023-05-05T08:45:10Z,https://www.youtube.com/watch?v=ysQ9cFSli-k
å¤§é˜ªå¼ã«é€†å¤‰æ›ï¼šæ²–ç¸„æ–¹è¨€ï¼ˆã†ã¡ãªãƒ¼ãã¡ï¼‰ãƒ©ãƒƒã‚¹ãƒ³ã‚´ãƒ¬ãƒ©ã‚¤ byã‚ã‚Šã‚“ãã‚Šã‚“,ã„ã‚ã‚†ã‚“ãª,1373414,2015-09-07T07:27:13Z,https://www.youtube.com/watch?v=IQ8RHEbJ93Q
ãƒ©ã‚¸ã‚ªä½“æ“ç¬¬1 æ²–ç¸„ç·¨ã€ˆã‚¦ãƒãƒŠãƒ¼ã‚°ãƒVer.ã€‰,Release - Topic,85687,2022-07-19T10:06:55Z,https://www.youtube.com/watch?v=tJ-M56fq27Q
ã€MVã€‘æ²–ç¸„æ–¹è¨€ã§ã€â™ªãƒãƒŠãƒŸã‚ºã‚­ã€æ­Œã£ã¦ã¿ãŸï¼ï¼ã€ç‰çƒç‹å›½æ™‚ä»£ã‚’å®Œå…¨å†ç¾ã€‘Acoustic cover by å®®åŸå¤éˆ´ã€Œãƒãƒ ã‚¬ãƒŠã‚µã€ã‚¹ãƒšã‚·ãƒ£ãƒ«ã‚³ãƒ©ãƒœï¼ï¼,Nanaironote,724051,2021-04-25T03:57:43Z,https://www.youtube.com/watch?v=8Ydmw4Xie4k
ã†ã¡ãªãƒ¼ãã¡(æ²–ç¸„æ–¹è¨€)è¨€ã£ã¦ã¿ãŸã€è½Ÿã¯ã˜ã‚/ReGLOSSã€‘#hololivedev_is,Hajime Ch. è½Ÿã¯ã˜ã‚ â€ ReGLOSS,211907,2024-03-20T08:00:29Z,https://www.youtube.com/watch?v=xbSVxorsSFc
ã€ ã‚¢ãƒ•ãƒ¬ã‚³ ç·é›†ç·¨ ã€‘é¡ã‚ˆé¡ã‚·ãƒªãƒ¼ã‚º2024ã€ æ²–ç¸„æ–¹è¨€ ã™ãã‚‹ ç™½é›ªå§«ã€€ä¸€æ°—è¦‹ ã¾ã¨ã‚ã€‘ã€€â€»å­ã©ã‚‚å‘ã‘ã‚³ãƒ³ãƒ†ãƒ³ãƒ„ã§ã¯ã‚ã‚Šã¾ã›ã‚“,rain@æ²–ç¸„æ–¹è¨€ã§æ­Œã£ã¦ã¿ãŸ,114070,2025-01-01T08:45:06Z,https://www.youtube.com/watch?v=CN9VZxrAdB8
æ¶™ãã†ãã†ï¼ ã‚¦ãƒãƒŠãƒ¼ã‚°ãƒ,kamadaa1,1319333,2011-06-27T06:13:36Z,https://www.youtube.com/watch?v=FfREmk4H38Y
ã€æ²–ç¸„èªã€‘ã‚¦ãƒãƒŠãƒ¼ã‚°ãƒã—ã‹ã‚ã‹ã‚‰ãªã„ã‚ªã‚¸ãƒ¼ã«å­«ãŒæ—¥æœ¬èªã§è©±ã—ãŸã‚‰å±ã‚‰ã‚ŒãŸw ã€ã†ã¡ãªãƒ¼ãã¡ãƒã‚¤ãƒ†ã‚£ãƒ–ã€‘ #shorts #æ²–ç¸„ #ã†ã¡ãªãƒ¼ãã¡,æ²–ç¸„ãƒã‚¹ã‚¿ãƒ¼ã¸ã®é“,27046,2022-03-01T09:39:40Z,https://www.youtube.com/watch?v=Wb7XBYT17r8
ã€ã‚¢ãƒ•ãƒ¬ã‚³ã€‘æ­Œã†ã¾ã ã‘ã©ã‚´ãƒªã‚´ãƒªæ–¹è¨€ç¦æ­¢! æ‡ã‹ã—ã® ã‚¢ãƒ‹ã‚½ãƒ³ ç·¨ ã¾ã¨ã‚ï¼‹ã‚ªãƒã‚±ã€ æ²–ç¸„æ–¹è¨€ ã™ãã‚‹ ç™½é›ªå§«ã€€æ­Œã£ã¦ã¿ãŸ ã€‘ â€»å­ã©ã‚‚å‘ã‘ã‚³ãƒ³ãƒ†ãƒ³ãƒ„ã§ã¯ã‚ã‚Šã¾ã›ã‚“,rain@æ²–ç¸„æ–¹è¨€ã§æ­Œã£ã¦ã¿ãŸ,460753,2024-05-05T08:45:26Z,https://www.youtube.com/watch?v=RJOdYYcefNA
ã€ã‚¢ãƒ•ãƒ¬ã‚³ã€‘çµ¶å¯¾ã«æ–¹è¨€ã§æ­Œã£ã¦ã¯ã„ã‘ãªã„ã€Œ A Whole New World / ã‚¢ãƒ©ã‚¸ãƒ³ã€ã€ æ²–ç¸„æ–¹è¨€ ã™ãã‚‹ ç™½é›ªå§«ã€€æ­Œã£ã¦ã¿ãŸã€‘ã€€#shorts â€»å­ã©ã‚‚å‘ã‘ã‚³ãƒ³ãƒ†ãƒ³ãƒ„ã§ã¯ã‚ã‚Šã¾ã›ã‚“,rain@æ²–ç¸„æ–¹è¨€ã§æ­Œã£ã¦ã¿ãŸ,607992,2024-06-11T08:45:02Z,https://www.youtube.com/watch?v=odDT9a9O4aM
æ²–ç¸„ã«ç§»ä½ã—ãŸã‚‰ã¾ãšè¦šãˆã‚‹ã†ã¡ãªãƒ¼ãã¡ã€€#shorts,æ²–æ±äº¤é€šã‚°ãƒ«ãƒ¼ãƒ—å…¬å¼,11499,2024-07-05T10:30:01Z,https://www.youtube.com/watch?v=58tqZ_hU8hc
ã€ã‚¢ãƒ•ãƒ¬ã‚³ã€‘ æ²–ç¸„æ–¹è¨€ ã™ãã‚‹ ç™½é›ªå§«ã€è¡æ’ƒã® ãƒ‡ã‚£ã‚ºãƒ‹ãƒ¼ ã‚³ãƒ©ãƒœ PART1ã€æ±åŒ—å¼ ã‚·ãƒ³ãƒ‡ãƒ¬ãƒ©ã€‘,rain@æ²–ç¸„æ–¹è¨€ã§æ­Œã£ã¦ã¿ãŸ,726666,2023-12-03T08:45:09Z,https://www.youtube.com/watch?v=QtrjTovnGgU
ã€ãƒ•ãƒ«ã¯èª¬æ˜æ¬„â— ã‚¢ãƒ•ãƒ¬ã‚³ ã€‘çµ¶å¯¾ã«æ–¹è¨€ã§æ­Œã£ã¦ã¯ã„ã‘ãªã„ã€Œ ã†ã£ã›ã‡ã‚ ã€ã€ æ²–ç¸„æ–¹è¨€ ã™ãã‚‹ ç™½é›ªå§« ãƒ•ãƒ«ã‚‚ã‚ã‚‹ã‚ˆç·¨ã€€æ­Œã£ã¦ã¿ãŸ ã€‘#shorts,rain@æ²–ç¸„æ–¹è¨€ã§æ­Œã£ã¦ã¿ãŸ,22290,2025-02-15T08:45:00Z,https://www.youtube.com/watch?v=DhVzAWjXeHc
ã€ æ–¹è¨€ ã§ æ­Œã£ã¦ã¿ãŸã€‘ æ²–ç¸„ å¥³æ€§ãŒ ã‚‚ã®ã®ã‘å§« ã‚’ã‚¦ãƒãƒŠãƒ¼ã‚°ãƒã§æ­Œã†ã¨ã¾ã‚‹ã§ç¥ã®è¨€è‘‰ã€ä¸‰ç·šã€‘,rain@æ²–ç¸„æ–¹è¨€ã§æ­Œã£ã¦ã¿ãŸ,67462,2023-11-25T08:45:00Z,https://www.youtube.com/watch?v=577tfUe1yRg
ã€ã‚¢ãƒ•ãƒ¬ã‚³ã€‘çµ¶å¯¾ã«æ–¹è¨€ã§æ­Œã£ã¦ã¯ã„ã‘ãªã„ã€Œ if... ã€ã€ æ²–ç¸„æ–¹è¨€ ã™ãã‚‹ ç™½é›ªå§«ã€€æ­Œã£ã¦ã¿ãŸã€‘ã€€#shorts â€»å­ã©ã‚‚å‘ã‘ã‚³ãƒ³ãƒ†ãƒ³ãƒ„ã§ã¯ã‚ã‚Šã¾ã›ã‚“,rain@æ²–ç¸„æ–¹è¨€ã§æ­Œã£ã¦ã¿ãŸ,4211219,2024-05-23T08:45:00Z,https://www.youtube.com/watch?v=2R0_cB2kZHE
ã€ã‚¢ãƒ•ãƒ¬ã‚³ã€‘ æ²–ç¸„æ–¹è¨€ ã™ãã‚‹ ãƒ­ãƒ¼ãƒã®ä¼‘æ—¥ã€å‰ç·¨ ã¾ã¨ã‚ ã€œ æ²–ç¸„è¦³å…‰ ã™ã‚‹ç‹å¥³ã€œ ãƒŸãƒãƒã®ä¼‘æ—¥ã€‘,rain@æ²–ç¸„æ–¹è¨€ã§æ­Œã£ã¦ã¿ãŸ,147888,2024-04-27T08:45:31Z,https://www.youtube.com/watch?v=tnz2qyuvFVM
æ¶™ãã†ãã†ï¼ˆã‚¦ãƒãƒŠãƒ¼ã‚°ãƒãƒ»ãƒãƒ¼ã‚¸ãƒ§ãƒ³ï¼‰,Rimi Natsukawa - Topic,161003,2018-07-09T23:27:47Z,https://www.youtube.com/watch?v=JWQMMDKbEec
ã˜ã‚…ã‚“é¸æ‰‹ãŒæœ¬æ°—ã§æ²–ç¸„æ–¹è¨€ï¼ˆã‚¦ãƒãƒŠãƒ¼ã‚°ãƒï¼‰ã§å–‹ã£ã¦ã¿ãŸï¼ã€ã˜ã‚…ã‚“é¸æ‰‹ã®ç”Ÿã„ç«‹ã¡ã€‘,ãŠããªã‚ã¡ã‚ƒã‚“ã­ã‚‹,46964,2025-02-13T09:13:00Z,https://www.youtube.com/watch?v=0VryKXAtges
ã€ã‚¢ãƒ•ãƒ¬ã‚³ã€‘çµ¶å¯¾ã«æ–¹è¨€ã§æ­Œã£ã¦ã¯ã„ã‘ãªã„ã€Œ ã‚µã‚¦ãƒ€ãƒ¼ã‚¸ / ãƒãƒ«ãƒã‚°ãƒ©ãƒ•ã‚£ãƒ†ã‚£ ã€ã€ æ²–ç¸„æ–¹è¨€ ã™ãã‚‹ ç™½é›ªå§« ãƒ¡ãƒ³ãƒãƒ¼ãƒªã‚¯ã‚¨ã‚¹ãƒˆç·¨ã€€æ­Œã£ã¦ã¿ãŸã€‘#shorts â€»å­ã©ã‚‚å‘ã‘ã‚³ãƒ³ãƒ†ãƒ³ãƒ„ã§ã¯ã‚ã‚Šã¾ã›ã‚“,rain@æ²–ç¸„æ–¹è¨€ã§æ­Œã£ã¦ã¿ãŸ,3246846,2024-07-08T08:45:00Z,https://www.youtube.com/watch?v=-dQAlfy36D0
ã€ ã‚¢ãƒ•ãƒ¬ã‚³ ã€‘ é¡ã‚ˆé¡ ã€Œ ä¼¼ãŸã‚ˆã†ãªç™ºéŸ³ç·¨â‘¢ ã„ã„ ã€ã€ æ²–ç¸„ æ–¹è¨€ ã™ãã‚‹ ç™½é›ªå§« ã€‘ #shorts â€»å­ã©ã‚‚å‘ã‘ã‚³ãƒ³ãƒ†ãƒ³ãƒ„ã§ã¯ã‚ã‚Šã¾ã›ã‚“,rain@æ²–ç¸„æ–¹è¨€ã§æ­Œã£ã¦ã¿ãŸ,912525,2025-04-04T08:45:02Z,https://www.youtube.com/watch?v=Gd_4XbXRk2A
ã«ã‚“ã’ã‚“ã£ã¦ã„ã„ãª ã†ã¡ãªãƒ¼ãã¡Ver.,æ ¹é–“ã†ã„ã¡ã‚ƒã‚“ã­ã‚‹,401389,2019-07-09T11:00:03Z,https://www.youtube.com/watch?v=OrID8bAsrwA
ã€æ¶™ãã†ãã†ã€  ã‚¦ãƒãƒŠãƒ¼ã‚°ãƒLIVE  â˜†  å¤å·ã‚Šã¿    Rimi Natsukawa,æ±äº¬ ã€Œ å¤å·ã‚Šã¿ ã€ å€¶æ¥½éƒ¨ â˜†.ã€‚.:*ãƒ» Rimi Natsukawa in club Tokyo!,116727,2016-01-12T11:42:51Z,https://www.youtube.com/watch?v=a6qaT1SNq8k
ã€ã‚¢ãƒ•ãƒ¬ã‚³ã€‘é¡ã‚ˆé¡ã€æ²–ç¸„ã®åå‰ç·¨ã€ ã¾ã¨ã‚ ï¼‹ã‚ªãƒã‚±ã€ æ²–ç¸„æ–¹è¨€ ã™ãã‚‹ ç™½é›ªå§« ã€‘,rain@æ²–ç¸„æ–¹è¨€ã§æ­Œã£ã¦ã¿ãŸ,256193,2024-02-17T08:45:09Z,https://www.youtube.com/watch?v=QEpvzyILKlk
ã€æ²–ç¸„èªãƒ»æ—¥æœ¬èªè¨³ä»˜ã€‘ãƒ•ãƒ«ã†ã¡ãªãƒ¼ãã¡ã§æˆ¦ä¸­ãƒ»æˆ¦å¾Œã®é£Ÿã¹ç‰©ãŒç„¡ã„æ™‚ä»£ã®è©± #ã†ã¡ãªãƒ¼ãã¡ #okinawan,æ²–ç¸„ãƒã‚¹ã‚¿ãƒ¼ã¸ã®é“,881,2024-11-30T15:22:49Z,https://www.youtube.com/watch?v=BZQ1KPQHgl4
ã‚­ãƒ£ãƒ©ãŒå¼·ã™ããªæ²–ç¸„ã®ãŠã°ã‚ãŒç¶šã€…ï¼ã€ç§˜å¯†ã®ã‚±ãƒ³ãƒŸãƒ³SHOWæ¥µå…¬å¼|2019å¹´5æœˆ16æ—¥ æ”¾é€ã€‘,ã€å…¬å¼ã€‘ç§˜å¯†ã®ã‚±ãƒ³ãƒŸãƒ³SHOWæ¥µ,1064930,2023-04-07T11:00:31Z,https://www.youtube.com/watch?v=cKJWlWFOhxY
æ²–ç¸„ã®æ­Œå§«2äººã®é€ãé€šã‚‹ç™’ã—ãƒœã‚¤ã‚¹ã€ä¸‰ç·šã®èŠ± / BEGINã€æ²–ç¸„æ–¹è¨€ã§æ­Œã£ãŸã‚‰ã€ãªã‚“ã ã‹æ‡ã‹ã—ã„æ°—æŒã¡ã«ãªã£ãŸï¼Nanaironote feat. ç”°ç¦çœŸç¾ &amp; çŸ³å¶ºæ„›è‰ã€4KMVã€‘,Nanaironote,2542621,2022-12-07T12:00:08Z,https://www.youtube.com/watch?v=N5PwBXNY8jw
æ¥½ã—ãå­¦ã¹ã‚‹æ²–ç¸„æ–¹è¨€Vol.1,ãŠããªã‚ã¡ã‚ƒã‚“ã­ã‚‹,98345,2022-02-11T10:00:14Z,https://www.youtube.com/watch?v=Vesck-FX5ec
ã€æ²–ç¸„ã€‘ç™ºéŸ³ã§æ„å‘³ãŒå¤‰åŒ–ã™ã‚‹ã‚¦ãƒãƒŠãƒ¼ã‚°ãƒã€ç§˜å¯†ã®ã‚±ãƒ³ãƒŸãƒ³SHOWæ¥µå…¬å¼|2022å¹´7æœˆ7æ—¥ æ”¾é€ã€‘,ã€å…¬å¼ã€‘ç§˜å¯†ã®ã‚±ãƒ³ãƒŸãƒ³SHOWæ¥µ,38735,2023-06-19T10:17:45Z,https://www.youtube.com/watch?v=f0R-AdM1ILE
ã€ æ–¹è¨€ ã§ æ­Œã£ã¦ã¿ãŸ ã€‘ æ²–ç¸„ å¥³æ€§ ãŒã‚¬ãƒã®ã€Œ æ®‹é…·ãªå¤©ä½¿ã®ãƒ†ãƒ¼ã‚¼ ã‚¨ãƒ´ã‚¡ãƒ³ã‚²ãƒªã‚ªãƒ³ ã€ã‚¦ãƒãƒŠãƒ¼ã‚°ãƒ ver. ã‚ˆã€ç¥è©±ã«ãªã‚Œï¼ã€æ­Œã„æ‰‹ç”²å­åœ’2023æ˜¥ è¥¿è» Jã‚¢ãƒ‹ã€‘,rain@æ²–ç¸„æ–¹è¨€ã§æ­Œã£ã¦ã¿ãŸ,140766,2023-03-24T08:45:06Z,https://www.youtube.com/watch?v=kglRoOxwjII
ã€ ã‚¢ãƒ•ãƒ¬ã‚³ ã€‘æ­Œã†ã¾ã ã‘ã©ã‚´ãƒªã‚´ãƒªæ–¹è¨€ç¦æ­¢! æ˜­å’Œã®åæ›² ç·¨ ã¾ã¨ã‚ ã€ æ²–ç¸„ æ–¹è¨€ ã™ãã‚‹ ç™½é›ªå§«ã€€æ­Œã£ã¦ã¿ãŸ ã€‘ â€»å­ã©ã‚‚å‘ã‘ã‚³ãƒ³ãƒ†ãƒ³ãƒ„ã§ã¯ã‚ã‚Šã¾ã›ã‚“,rain@æ²–ç¸„æ–¹è¨€ã§æ­Œã£ã¦ã¿ãŸ,387747,2025-03-20T08:45:06Z,https://www.youtube.com/watch?v=1BBBXhwqygg
æ—¥ç³»ãƒ–ãƒ©ã‚¸ãƒ«äººã®æ²–ç¸„æ–¹è¨€ï¼ˆã‚¦ãƒãƒŠãƒ¼ã‚°ãƒï¼‰ãŒãƒ¬ãƒ™ãƒã ã£ãŸã€ã˜ã‚…ã‚“é¸æ‰‹æ„Ÿå‹•ã€‘,ãŠããªã‚ã¡ã‚ƒã‚“ã­ã‚‹,89598,2022-12-05T09:13:01Z,https://www.youtube.com/watch?v=06no06juudY
ã€ã‚¢ãƒ•ãƒ¬ã‚³ã€‘ é¡ã‚ˆé¡ ã€œã€Œã‚³ãƒ¼ãƒ©ã€&quot;ã˜ã‚…ã‚“é¸æ‰‹&quot;ã¨è¡æ’ƒã‚³ãƒ©ãƒœç·¨â‘¡ï½ã€æ²–ç¸„æ–¹è¨€ ã™ãã‚‹ ç™½é›ªå§«ã€‘ #shorts,rain@æ²–ç¸„æ–¹è¨€ã§æ­Œã£ã¦ã¿ãŸ,251644,2024-02-26T08:45:01Z,https://www.youtube.com/watch?v=G7UJbxfJYYo
ã€ ã‚¢ãƒ•ãƒ¬ã‚³ ã€‘ç‹å­ã®ãŠã¼ãˆæ­Œã€Œ æ²–ç¸„ ã® åå­— ç·¨â‘¡ã€€ãƒ­ãƒ“ãƒ³ã‚½ãƒ³ ã€ã€ æ²–ç¸„æ–¹è¨€ ã™ãã‚‹ ç™½é›ªå§« ã€‘ã€ æ›¿ãˆæ­Œ æ­Œã£ã¦ã¿ãŸ ã€‘ #shorts â€»å­ã©ã‚‚å‘ã‘ã‚³ãƒ³ãƒ†ãƒ³ãƒ„ã§ã¯ã‚ã‚Šã¾ã›ã‚“,rain@æ²–ç¸„æ–¹è¨€ã§æ­Œã£ã¦ã¿ãŸ,1551211,2025-05-04T08:45:00Z,https://www.youtube.com/watch?v=2vgcLWsxTe8
ã€ ã‚¢ãƒ•ãƒ¬ã‚³ ã€‘ é¡ã‚ˆé¡ ã€Œ ä¼¼ãŸã‚ˆã†ãªç™ºéŸ³ç·¨â‘¤ ã¬ ã€ã€ æ²–ç¸„ æ–¹è¨€ ã™ãã‚‹ ç™½é›ªå§« ã€‘ #shorts â€»å­ã©ã‚‚å‘ã‘ã‚³ãƒ³ãƒ†ãƒ³ãƒ„ã§ã¯ã‚ã‚Šã¾ã›ã‚“,rain@æ²–ç¸„æ–¹è¨€ã§æ­Œã£ã¦ã¿ãŸ,141071,2025-04-08T08:45:02Z,https://www.youtube.com/watch?v=EQiMcvs5W70
ã€ ã‚¢ãƒ•ãƒ¬ã‚³ ã€‘ é¡ã‚ˆé¡ ã€Œ ä¼¼ãŸã‚ˆã†ãªç™ºéŸ³ç·¨â‘  ã—ã˜ ã€ã€ æ²–ç¸„ æ–¹è¨€ ã™ãã‚‹ ç™½é›ªå§« ã€‘ #shorts â€»å­ã©ã‚‚å‘ã‘ã‚³ãƒ³ãƒ†ãƒ³ãƒ„ã§ã¯ã‚ã‚Šã¾ã›ã‚“,rain@æ²–ç¸„æ–¹è¨€ã§æ­Œã£ã¦ã¿ãŸ,633442,2025-03-31T09:15:21Z,https://www.youtube.com/watch?v=l5yO7mMJ2Xk
ã€ã‚¢ãƒ•ãƒ¬ã‚³ã€‘é¡ã‚ˆé¡ æ²–ç¸„ã® ãŠç›† ç·¨ ã¾ã¨ã‚ ï¼‹ã‚ªãƒã‚±ã€ æ²–ç¸„æ–¹è¨€ ã™ãã‚‹ ç™½é›ªå§«ã€‘,rain@æ²–ç¸„æ–¹è¨€ã§æ­Œã£ã¦ã¿ãŸ,133373,2024-08-17T08:45:07Z,https://www.youtube.com/watch?v=U8N6z03u3IA
æ²–ç¸„æ–¹è¨€ã‚’10åˆ†å¾Œã«æ­£ã—ãä½¿ãˆã‚‹æ²–ç¸„æ–¹è¨€è¬›åº§(ã‚¦ãƒãƒŠãƒ¼ã‚°ãƒ),Youä¸­éƒ¨Okinawa,19210,2021-10-15T11:15:03Z,https://www.youtube.com/watch?v=x8xPcf-XuOw
Amazing Grace æ²–ç¸„å£ï¼ˆã‚¦ãƒãƒŠãƒ¼ã‚°ãƒï¼‰- å¤å·ã‚Šã¿,pgc01,55161,2011-02-22T08:22:22Z,https://www.youtube.com/watch?v=-azFAf-W_yI
ã‚ªãƒãƒ¼ã«æ²–ç¸„ã®æ–¹è¨€ã‚’è©±ã—ã¦ã‚‚ã‚‰ã£ã¦ã¿ãŸ,ãŠããªã‚ãƒã‚°ãƒãƒƒãƒˆofficial,44218,2017-08-24T04:46:39Z,https://www.youtube.com/watch?v=dABV_gCtaHA
TVã‚¢ãƒ‹ãƒ¡ã€Œæ²–ç¸„ã§å¥½ãã«ãªã£ãŸå­ãŒæ–¹è¨€ã™ãã¦ãƒ„ãƒ©ã™ãã‚‹ã€PVç¬¬1å¼¾,ãƒãƒ”ãƒãƒƒãƒˆã€ã‚¢ãƒ‹ãƒ¡å…¬å¼ã€‘,551013,2024-08-21T03:00:43Z,https://www.youtube.com/watch?v=yp_TLUBjrz0
ã€ãƒ•ãƒ«ã¯èª¬æ˜æ¬„â— ã‚¢ãƒ•ãƒ¬ã‚³ ã€‘çµ¶å¯¾ã«æ–¹è¨€ã§æ­Œã£ã¦ã¯ã„ã‘ãªã„ã€Œ è‹äººå½¢ã®é¤¨ ã€ã€ æ²–ç¸„æ–¹è¨€ ã™ãã‚‹ ç™½é›ªå§« ãƒ•ãƒ«ã‚‚ã‚ã‚‹ã‚ˆç·¨ã€€æ­Œã£ã¦ã¿ãŸ ã€‘#shorts,rain@æ²–ç¸„æ–¹è¨€ã§æ­Œã£ã¦ã¿ãŸ,41959,2025-02-21T08:45:01Z,https://www.youtube.com/watch?v=HEuEXHjnBeI
é£Ÿã¹ã‚‚ã®æ²–ç¸„æ–¹è¨€ã‚¯ã‚¤ã‚º #shorts #æ²–ç¸„ #ã‚¯ã‚¤ã‚º,ãŠããªã‚ç‰©ç”£ã‚»ãƒ³ã‚¿ãƒ¼,447,2024-10-01T10:00:28Z,https://www.youtube.com/watch?v=KSzmgzcLI3w
æ²–ç¸„æ•°ãˆæ­Œæ–¹è¨€,ioikp1226,284042,2013-11-10T15:49:23Z,https://www.youtube.com/watch?v=JDwOJwrbCEg
æ˜­å’Œã®ãƒªã‚¢ã‚¯ã‚·ãƒ§ãƒ³ #æ²–ç¸„ #æ²–ç¸„ã‚ã‚‹ã‚ã‚‹ #æ²–ç¸„æ–¹è¨€,TMã¡ã‚ƒã‚“ã·ã‚‹ã€œ,1786,2025-05-25T09:01:15Z,https://www.youtube.com/watch?v=xRW77B_CYTk
ã€ã‚¢ãƒ•ãƒ¬ã‚³ã€‘é¡ã‚ˆé¡ã€ã‚ªãƒãƒãƒˆãƒšç·¨ã€ ã¾ã¨ã‚ ï¼‹ã‚ªãƒã‚±ã€ æ²–ç¸„æ–¹è¨€ ã™ãã‚‹ ç™½é›ªå§« ã€‘,rain@æ²–ç¸„æ–¹è¨€ã§æ­Œã£ã¦ã¿ãŸ,219436,2024-02-03T08:45:08Z,https://www.youtube.com/watch?v=z1K5VcBH7GE
ã€ã‚¢ãƒ•ãƒ¬ã‚³ã€‘ æ²–ç¸„æ–¹è¨€ ã™ãã‚‹ ç™½é›ªå§«ã€æ„Ÿå‹•ã® ãƒ‡ã‚£ã‚ºãƒ‹ãƒ¼ ã‚³ãƒ©ãƒœ PART3ã€æ±åŒ—å¼ ã‚·ãƒ³ãƒ‡ãƒ¬ãƒ©ã€‘,rain@æ²–ç¸„æ–¹è¨€ã§æ­Œã£ã¦ã¿ãŸ,423985,2023-12-17T08:45:11Z,https://www.youtube.com/watch?v=C4VmCG1AyBM
æ²–ç¸„æ–¹è¨€ã®æ—©å£è¨€è‘‰ãŒé›£æ˜“åº¦ã‚¨ã‚°éãww #short,æ²–ç¸„è¨›ã‚Šã®å–œå±‹æ­¦ã•ã‚“,1090448,2021-05-08T09:00:00Z,https://www.youtube.com/watch?v=aEwQL_l_noM
ã€ ã‚¢ãƒ•ãƒ¬ã‚³ ã€‘ é¡ã‚ˆé¡ ã€Œ ä¼¼ãŸã‚ˆã†ãªç™ºéŸ³ç·¨â‘¨ ã¡ã‚ƒãƒ¼ï¼†ã„ã¡ã‚ƒ ã€ã€ æ²–ç¸„ æ–¹è¨€ ã™ãã‚‹ ç™½é›ªå§« ã€‘ #shorts â€»å­ã©ã‚‚å‘ã‘ã‚³ãƒ³ãƒ†ãƒ³ãƒ„ã§ã¯ã‚ã‚Šã¾ã›ã‚“,rain@æ²–ç¸„æ–¹è¨€ã§æ­Œã£ã¦ã¿ãŸ,125228,2025-04-16T08:45:04Z,https://www.youtube.com/watch?v=BevQlJ7vlko
ã€ ã‚¢ãƒ•ãƒ¬ã‚³ å‚‘ä½œé¸ ã€‘2024å¹´ å§«ã®æ­Œ äººæ°—æ›² ã¾ã¨ã‚ ã€ æ²–ç¸„æ–¹è¨€ ã™ãã‚‹ ç™½é›ªå§«ã€€æ­Œã£ã¦ã¿ãŸ ä¸€æ°—è¦‹ ç·é›†ç·¨ ã€‘ â€»å­ã©ã‚‚å‘ã‘ã‚³ãƒ³ãƒ†ãƒ³ãƒ„ã§ã¯ã‚ã‚Šã¾ã›ã‚“,rain@æ²–ç¸„æ–¹è¨€ã§æ­Œã£ã¦ã¿ãŸ,119520,2024-12-31T08:45:06Z,https://www.youtube.com/watch?v=AwQrxXLKck4
ã€ã‚¢ãƒ•ãƒ¬ã‚³ã€‘çµ¶å¯¾ã«æ–¹è¨€ã§æ­Œã£ã¦ã¯ã„ã‘ãªã„ã€Œ å®‡å®™æˆ¦è‰¦ãƒ¤ãƒãƒˆ ã€ã€ æ²–ç¸„æ–¹è¨€ ã™ãã‚‹ ç™½é›ªå§« ã‚¢ãƒ‹ã‚½ãƒ³ç·¨2ã€€æ­Œã£ã¦ã¿ãŸ ã€‘#shorts,rain@æ²–ç¸„æ–¹è¨€ã§æ­Œã£ã¦ã¿ãŸ,914416,2024-10-09T08:45:04Z,https://www.youtube.com/watch?v=l5wIDBEExGM
â€»ç‰¹åˆ¥è¨˜å¿µâ€»ã€ ã‚¢ãƒ•ãƒ¬ã‚³ ã€‘ æ²–ç¸„æ–¹è¨€ ã™ãã‚‹ ç™½é›ªå§«ã€10ä¸‡äººç™»éŒ²ğŸ‰ã€ãƒ¡ãƒ³ã‚·ç‰¹å…¸ã«ã¤ã„ã¦ã€‘,rain@æ²–ç¸„æ–¹è¨€ã§æ­Œã£ã¦ã¿ãŸ,124616,2024-05-31T09:22:01Z,https://www.youtube.com/watch?v=yWZ-8JSpxZs
ã€ ã‚¢ãƒ•ãƒ¬ã‚³ ã€‘ é¡ã‚ˆé¡ ã€Œ ä¼¼ãŸã‚ˆã†ãªç™ºéŸ³ç·¨â‘§ ãªãƒ¼ ã€ã€ æ²–ç¸„ æ–¹è¨€ ã™ãã‚‹ ç™½é›ªå§« ã€‘ #shorts â€»å­ã©ã‚‚å‘ã‘ã‚³ãƒ³ãƒ†ãƒ³ãƒ„ã§ã¯ã‚ã‚Šã¾ã›ã‚“,rain@æ²–ç¸„æ–¹è¨€ã§æ­Œã£ã¦ã¿ãŸ,118027,2025-04-14T08:45:01Z,https://www.youtube.com/watch?v=HBT0Pr7P7Cs
ã€ ã‚¢ãƒ•ãƒ¬ã‚³ ã€‘ç‹å­ã®ãŠã¼ãˆæ­Œã€Œ æ²–ç¸„ ã® åå­— ç·¨â‘§ã€€å¤¢ã®ä¸­ã¸ ã€ã€ æ²–ç¸„æ–¹è¨€ ã™ãã‚‹ ç™½é›ªå§« ã€‘ã€ æ›¿ãˆæ­Œ æ­Œã£ã¦ã¿ãŸ ã€‘ #shorts â€»å­ã©ã‚‚å‘ã‘ã‚³ãƒ³ãƒ†ãƒ³ãƒ„ã§ã¯ã‚ã‚Šã¾ã›ã‚“,rain@æ²–ç¸„æ–¹è¨€ã§æ­Œã£ã¦ã¿ãŸ,141265,2025-05-16T08:45:04Z,https://www.youtube.com/watch?v=uBZRPGLGj8I
ã€æ²–ç¸„æ–¹è¨€ã‚’è¦šãˆãŸã‚­ãƒƒã‚«ã‚±ã€‘ã˜ã‚…ã‚“é¸æ‰‹ãŒæœ¬æ°—ã§æ²–ç¸„æ–¹è¨€ï¼ˆã‚¦ãƒãƒŠãƒ¼ã‚°ãƒï¼‰ã§å–‹ã£ã¦ã¿ãŸï¼,ãŠããªã‚ã¡ã‚ƒã‚“ã­ã‚‹,19198,2025-04-17T09:13:00Z,https://www.youtube.com/watch?v=CXDrBPwKArY
ã€ã‚¢ãƒ•ãƒ¬ã‚³ã€‘ é¡ã‚ˆé¡ ã€œä¼èª¬ã®&quot;ã‚ã®äºº&quot;ã¨è¡æ’ƒã‚³ãƒ©ãƒœç·¨â‘ ï½ã€æ²–ç¸„æ–¹è¨€ ã™ãã‚‹ ç™½é›ªå§«ã€‘ #shorts,rain@æ²–ç¸„æ–¹è¨€ã§æ­Œã£ã¦ã¿ãŸ,806344,2024-02-25T08:45:02Z,https://www.youtube.com/watch?v=yTW4tHZSfSc
ã€ã‚¢ãƒ•ãƒ¬ã‚³ã€‘æ­Œã†ã¾ã ã‘ã©ã‚´ãƒªã‚´ãƒªæ–¹è¨€ç¦æ­¢! æ²–ç¸„ã‚¢ãƒ¼ãƒ†ã‚£ã‚¹ãƒˆ ç·¨ ã¾ã¨ã‚ ï¼‹ã‚ªãƒã‚±ã€ æ²–ç¸„æ–¹è¨€ ã™ãã‚‹ ç™½é›ªå§«ã€€æ­Œã£ã¦ã¿ãŸ ã€‘ â€»å­ã©ã‚‚å‘ã‘ã‚³ãƒ³ãƒ†ãƒ³ãƒ„ã§ã¯ã‚ã‚Šã¾ã›ã‚“,rain@æ²–ç¸„æ–¹è¨€ã§æ­Œã£ã¦ã¿ãŸ,263795,2024-08-10T08:45:07Z,https://www.youtube.com/watch?v=V2Yj949qKVE
TVã‚¢ãƒ‹ãƒ¡ã€Œæ²–ç¸„ã§å¥½ãã«ãªã£ãŸå­ãŒæ–¹è¨€ã™ãã¦ãƒ„ãƒ©ã™ãã‚‹ã€ãƒãƒ³ã‚¯ãƒ¬ã‚¸ãƒƒãƒˆOP | HYã€Œå¤§å¤§å¤§å¥½ãã€,ãƒãƒ”ãƒãƒƒãƒˆã€ã‚¢ãƒ‹ãƒ¡å…¬å¼ã€‘,910540,2025-01-11T06:00:13Z,https://www.youtube.com/watch?v=L9u-Edb3QjA
æ²–ç¸„æ–¹è¨€ã«ã¯ã€Œãƒã‚¤ãƒã‚¤ã€ãŒãªã„ï¼Ÿï¼ #shorts,ãŠããªã‚ã¡ã‚ƒã‚“ã­ã‚‹,65020,2024-09-01T09:13:00Z,https://www.youtube.com/watch?v=fG31utcKv2I
ã€ã‚¢ãƒ•ãƒ¬ã‚³ã€‘çµ¶å¯¾ã«æ–¹è¨€ã§æ­Œã£ã¦ã¯ã„ã‘ãªã„ã€Œ ã‚°ãƒ¼ãƒãƒ§ã‚­ãƒ‘ãƒ¼ã§ãªã«ã¤ãã‚ã† ã€ã€ æ²–ç¸„æ–¹è¨€ ã™ãã‚‹ ç™½é›ªå§« ç«¥è¬¡ç·¨ã€€æ­Œã£ã¦ã¿ãŸ ã€‘#shorts â€»å­ã©ã‚‚å‘ã‘ã‚³ãƒ³ãƒ†ãƒ³ãƒ„ã§ã¯ã‚ã‚Šã¾ã›ã‚“,rain@æ²–ç¸„æ–¹è¨€ã§æ­Œã£ã¦ã¿ãŸ,125580,2024-11-29T08:45:02Z,https://www.youtube.com/watch?v=Sl46MAzSxIM
ã€ã‚¢ãƒ•ãƒ¬ã‚³ã€‘æ­Œã†ã¾ã ã‘ã©ã‚´ãƒªã‚´ãƒªæ–¹è¨€ç¦æ­¢! ãƒ•ãƒ«ã‚‚ã‚ã‚‹ã‚ˆ ç·¨ ã¾ã¨ã‚ ã€ æ²–ç¸„æ–¹è¨€ ã™ãã‚‹ ç™½é›ªå§«ã€€æ­Œã£ã¦ã¿ãŸ ã€‘ â€»å­ã©ã‚‚å‘ã‘ã‚³ãƒ³ãƒ†ãƒ³ãƒ„ã§ã¯ã‚ã‚Šã¾ã›ã‚“,rain@æ²–ç¸„æ–¹è¨€ã§æ­Œã£ã¦ã¿ãŸ,26624,2025-02-24T08:45:06Z,https://www.youtube.com/watch?v=mA_0AT4S5VM
ã€ã‚¢ãƒ•ãƒ¬ã‚³ã€‘çµ¶å¯¾ã«æ–¹è¨€ã§æ­Œã£ã¦ã¯ã„ã‘ãªã„ã€Œ Let It Go / ã‚¢ãƒŠé›ª ã€ã€ æ²–ç¸„æ–¹è¨€ ã™ãã‚‹ ç™½é›ªå§«ã€€æ­Œã£ã¦ã¿ãŸã€‘ã€€#shorts â€»å­ã©ã‚‚å‘ã‘ã‚³ãƒ³ãƒ†ãƒ³ãƒ„ã§ã¯ã‚ã‚Šã¾ã›ã‚“,rain@æ²–ç¸„æ–¹è¨€ã§æ­Œã£ã¦ã¿ãŸ,1217755,2024-06-10T08:45:00Z,https://www.youtube.com/watch?v=V6ZnCIVCNCA
ã€ ã‚¢ãƒ•ãƒ¬ã‚³ ã€‘ç‹å­ã®ãŠã¼ãˆæ­Œã€Œ æ²–ç¸„ ã® åå­— ç·¨â‘¤ã€€ãƒ‰ãƒ©ã‚¤ãƒ•ãƒ©ãƒ¯ãƒ¼ ã€ã€ æ²–ç¸„æ–¹è¨€ ã™ãã‚‹ ç™½é›ªå§« ã€‘ã€ æ›¿ãˆæ­Œ æ­Œã£ã¦ã¿ãŸ ã€‘ #shorts â€»å­ã©ã‚‚å‘ã‘ã‚³ãƒ³ãƒ†ãƒ³ãƒ„ã§ã¯ã‚ã‚Šã¾ã›ã‚“,rain@æ²–ç¸„æ–¹è¨€ã§æ­Œã£ã¦ã¿ãŸ,151259,2025-05-10T08:45:05Z,https://www.youtube.com/watch?v=PhoGt3uL5Ic
ã€ã‚¢ãƒ•ãƒ¬ã‚³ã€‘çµ¶å¯¾ã«æ–¹è¨€ã§æ­Œã£ã¦ã¯ã„ã‘ãªã„ã€Œã‚¿ãƒƒãƒã€ã€ æ²–ç¸„ æ–¹è¨€ ã™ãã‚‹ ç™½é›ªå§«ã€€ã‚¢ãƒ‹ã‚½ãƒ³ æ­Œã£ã¦ã¿ãŸã€‘ã€€#shortsã€€â€»å­ã©ã‚‚å‘ã‘ã‚³ãƒ³ãƒ†ãƒ³ãƒ„ã§ã¯ã‚ã‚Šã¾ã›ã‚“,rain@æ²–ç¸„æ–¹è¨€ã§æ­Œã£ã¦ã¿ãŸ,617404,2024-04-30T08:45:02Z,https://www.youtube.com/watch?v=zzEp-JUq8mE
ã€ã‚¢ãƒ•ãƒ¬ã‚³ã€‘ é¡ã‚ˆé¡ ã€œ ã‚ªãƒãƒãƒˆãƒšç·¨â‘¢ã€Œã‚ã¡ã“ãƒ¼ã“ãƒ¼ã€ã®è¬ ï½ã€æ²–ç¸„æ–¹è¨€ ã™ãã‚‹ ç™½é›ªå§«ã€‘ #shorts,rain@æ²–ç¸„æ–¹è¨€ã§æ­Œã£ã¦ã¿ãŸ,452775,2024-01-31T08:45:01Z,https://www.youtube.com/watch?v=X8CjeWBBGWs
ã€TVãŠã‚‚ã—ã‚åå ´é¢ã€‘æ–°å£çµè¡£ æ²–ç¸„æ–¹è¨€ã‚’è©±ã™ã‚¬ãƒƒã‚­ãƒ¼ / Japanese Funny TV/ARAGAKI YUI,RAY Channel,119071,2020-11-28T10:08:46Z,https://www.youtube.com/watch?v=S66z4ni7mBM
åˆè¦‹ã‚¯ãƒªã‚¢ä¸å¯èƒ½ãªæ²–ç¸„æ–¹è¨€ #short,æ²–ç¸„è¨›ã‚Šã®å–œå±‹æ­¦ã•ã‚“,787517,2021-10-01T09:00:17Z,https://www.youtube.com/watch?v=dpOrSYYvWb8
å…ˆè¼©ã«è¨€ã£ãŸã‚‰ã‚¢ã‚¦ãƒˆãªæ²–ç¸„ã®æ–¹è¨€ #short,æ²–ç¸„è¨›ã‚Šã®å–œå±‹æ­¦ã•ã‚“,1661117,2021-10-26T09:00:15Z,https://www.youtube.com/watch?v=jK0b0ZdyJa4
ã€ ã‚¢ãƒ•ãƒ¬ã‚³ ã€‘ é¡ã‚ˆé¡ ã€Œ ä¼¼ãŸã‚ˆã†ãªç™ºéŸ³ç·¨â‘¡ ã¡ã¡ ã€ã€ æ²–ç¸„ æ–¹è¨€ ã™ãã‚‹ ç™½é›ªå§« ã€‘ #shorts â€»å­ã©ã‚‚å‘ã‘ã‚³ãƒ³ãƒ†ãƒ³ãƒ„ã§ã¯ã‚ã‚Šã¾ã›ã‚“,rain@æ²–ç¸„æ–¹è¨€ã§æ­Œã£ã¦ã¿ãŸ,3683419,2025-04-02T08:45:00Z,https://www.youtube.com/watch?v=KulUkqllwgM
å¤šè¨€èªå¯¾å¿œã®å¸ä¼šè€…å°‚é–€ãƒ—ãƒ­ãƒ€ã‚¯ã‚·ãƒ§ãƒ³è¨­ç«‹ï¼ˆæ²–ç¸„ãƒ†ãƒ¬ãƒ“ï¼‰2025/5/23,æ²–ç¸„ãƒ‹ãƒ¥ãƒ¼ã‚¹OTV,463,2025-05-23T03:34:37Z,https://www.youtube.com/watch?v=aXnTFtvTrCE
ã€ã‚³ãƒ¡ãƒ³ãƒˆã§ç¿»è¨³æ±‚ã‚€ã€‘ã‚¹ãƒªãƒ ã‚¯ãƒ©ãƒ–ã®æ²–ç¸„ã®æ–¹è¨€æ¼«æ‰ãŒæœ¬å½“ã«ç†è§£ã§ããªã„ä»¶  / #ãªã¾ã‚Šæ¼«æ‰GP #ã¾ã„ã«ã¡è³ãƒ¬ãƒ¼ã‚¹ #shorts,å‹•ç”»ã€ã¯ã˜ã‚ã¦ã¿ã¾ã—ãŸã€ãƒ†ãƒ¬ãƒ“æœæ—¥å…¬å¼ã€‘,136512,2024-06-09T22:00:00Z,https://www.youtube.com/watch?v=-j1L1Ca7Ics
å®Ÿã¯æ²–ç¸„å¼ã‚’è©±ã™å¥³å„ªTOP3 #æ²–ç¸„å¼ #é›‘å­¦ #èŠ¸äºº #èŠ¸èƒ½äºº #ãŠç¬‘ã„ #shorts,ã°ãã‚ã‚‰èŠ¸äººç‰©èª,29633,2024-09-13T08:00:41Z,https://www.youtube.com/watch?v=WN8cBZqo_JM
ã€MVã€‘ã‚¢ãƒ©ã‚¸ãƒ³æ²–ç¸„æ–¹è¨€Ver.ãŒã¾ã£ãŸãä½•è¨€ã£ã¦ã‚‹ã‹ã‚ã‹ã‚‰ãªã„ï¼ï¼ã€â™ª A Whole New World ã€Acoustic Cover by Nanaironote ã€ãƒ¯ãƒ³ã‚«ãƒƒãƒˆæ’®å½±ã€‘,Nanaironote,2114122,2019-07-05T08:59:32Z,https://www.youtube.com/watch?v=cQYRB-i_i0M
ã—ã‚ƒã‚‚ã—ã‚™ã€æ²–ç¸„ã®è‹±èªã®æˆæ¥­ã€,ãƒã‚»ã‚­èŠ¸èƒ½ç¤¾å…¬å¼ãƒãƒ£ãƒ³ãƒãƒ«,722832,2020-02-24T16:00:00Z,https://www.youtube.com/watch?v=2XdBSbrpUd8
æ²–ç¸„å¼ãŒä¾¿åˆ©ã™ãã‚‹ä»¶ã«ã¤ã„ã¦ã€€#ãªã‚“ãã‚‹è‹±ä¼šè©± #è‹±ä¼šè©± #è‹±èªå­¦ç¿’ #è‹±èªåˆå¿ƒè€… #è‹±èªå‹‰å¼· #æ²–ç¸„youtuber,ãªã‚“ãã‚‹ã•ã‚“ğŸŒº@1æ—¥1åˆ†ã§å­¦ã¶è‹±ä¼šè©±,7098,2023-08-09T23:05:17Z,https://www.youtube.com/watch?v=AXIyByGomnQ
æ²–ç¸„å¼ãŒå®Œæˆã™ã‚‹ã¾ã§,minerva scientia,36738,2022-06-05T19:45:18Z,https://www.youtube.com/watch?v=jOuoQoN_Slg
Okinawa DialectğŸŒºæ²–ç¸„æ–¹è¨€ã¨æ¨™æº–èªã‚’æ¯”è¼ƒã—ã¦ã¿ãŸãƒ¤ãƒ³ãƒãƒ«ã‚¯ã‚¤ãƒŠğŸš€#æ²–ç¸„ #æ²–ç¸„æ—…è¡Œ #æ²–ç¸„ç§»ä½  #okinawa,FUN FUN OKINAWA (æœ€é«˜ã®æ²–ç¸„ã‚’ç´¹ä»‹ã™ã‚‹åœ°å…ƒã®äºº),17401,2025-02-11T11:30:23Z,https://www.youtube.com/watch?v=2GNE6OrrXgI
ã€ã‚¢ãƒ•ãƒ¬ã‚³ã€‘çµ¶å¯¾ã«æ–¹è¨€ã§æ­Œã£ã¦ã¯ã„ã‘ãªã„ã€Œ ãƒ“ãƒ“ãƒ‡ã‚£ãƒ»ãƒãƒ“ãƒ‡ã‚£ãƒ»ãƒ–ãƒ¼ / ã‚·ãƒ³ãƒ‡ãƒ¬ãƒ© ã€ã€ æ²–ç¸„æ–¹è¨€ ã™ãã‚‹ ç™½é›ªå§«ã€€æ­Œã£ã¦ã¿ãŸã€‘ã€€#shorts â€»å­ã©ã‚‚å‘ã‘ã‚³ãƒ³ãƒ†ãƒ³ãƒ„ã§ã¯ã‚ã‚Šã¾ã›ã‚“,rain@æ²–ç¸„æ–¹è¨€ã§æ­Œã£ã¦ã¿ãŸ,498496,2024-06-14T08:45:00Z,https://www.youtube.com/watch?v=-A2NeINTKoo
ã€ã‚¢ãƒ•ãƒ¬ã‚³ åˆ‡ã‚ŠæŠœãã€‘ç™½é›ªå§« vs ã‚·ãƒ³ãƒ‡ãƒ¬ãƒ© å¤¢ã®ã‚³ãƒ©ãƒœ æ—©å£è¨€è‘‰ç·¨â‘ ã€#æ²–ç¸„æ–¹è¨€ #æ±åŒ—å¼ã€‘#tiktok #ã‚¢ãƒ•ãƒ¬ã‚³ #å°é¡”ãƒã‚¹ã‚¯ãƒãƒ³ãƒãƒ #anime #è¨›ã‚Š #shorts,rain@æ²–ç¸„æ–¹è¨€ã§æ­Œã£ã¦ã¿ãŸ,1288625,2023-12-19T08:45:02Z,https://www.youtube.com/watch?v=yrpZVm8s45A
ã€ãƒ•ãƒ«ã¯èª¬æ˜æ¬„â— ã‚¢ãƒ•ãƒ¬ã‚³ ã€‘çµ¶å¯¾ã«æ–¹è¨€ã§æ­Œã£ã¦ã¯ã„ã‘ãªã„ã€Œ Bling-Bang-Bang-Born ã€ã€ æ²–ç¸„æ–¹è¨€ ã™ãã‚‹ ç™½é›ªå§« ãƒ•ãƒ«ã‚‚ã‚ã‚‹ã‚ˆç·¨ã€€æ­Œã£ã¦ã¿ãŸ ã€‘#shorts,rain@æ²–ç¸„æ–¹è¨€ã§æ­Œã£ã¦ã¿ãŸ,28444,2025-02-13T08:45:03Z,https://www.youtube.com/watch?v=wWe6TZ5p7b0
æ²–ç¸„èªVSæ²–ç¸„å¼ é•·å¹´ã®è«–äº‰ã‚’5åˆ†å¼±ã§çµ‚çµã•ã›ã‚‹ç¥å‹•ç”»,Omizan Sakamoto,22823,2021-02-28T14:46:35Z,https://www.youtube.com/watch?v=H0W7uH2-9D8
æ²–ç¸„èªå­—å¹•ï¼†è§£èª¬#redbull #ozworld #ã†ã¡ãªãƒ¼ãã¡ #hiphop #æ²–ç¸„ #okinawa,æ²–ç¸„ãƒã‚¹ã‚¿ãƒ¼ã¸ã®é“,758659,2023-05-25T08:41:46Z,https://www.youtube.com/watch?v=T7vKYS6EFgw
æ²–ç¸„èªã®ã„ã¾ â,Sumamuni å³¶è¨€è‘‰,26671,2016-02-19T08:09:04Z,https://www.youtube.com/watch?v=1_9JwXgaEKw
ã€ã‚¢ãƒ•ãƒ¬ã‚³ã€‘çµ¶å¯¾ã«æ–¹è¨€ã§æ­Œã£ã¦ã¯ã„ã‘ãªã„ã€Œ ãƒ­ãƒãƒ³ã‚¹ã®ç¥æ§˜ ã€ã€ æ²–ç¸„æ–¹è¨€ ã™ãã‚‹ ç™½é›ªå§« å†¬ã®æ­Œç·¨ã€€æ­Œã£ã¦ã¿ãŸ ã€‘ #shorts â€»å­ã©ã‚‚å‘ã‘ã‚³ãƒ³ãƒ†ãƒ³ãƒ„ã§ã¯ã‚ã‚Šã¾ã›ã‚“,rain@æ²–ç¸„æ–¹è¨€ã§æ­Œã£ã¦ã¿ãŸ,56555,2024-12-18T08:45:02Z,https://www.youtube.com/watch?v=E36-CuxIlCs
ã€ã‚ã‚‹ã‚ã‚‹ã€‘æ²–ç¸„ã®æ–¹è¨€ã¯ã‚‚ã¯ã‚„å¤–å›½èªã¨è¨€ã£ã¦ã‚‚éè¨€ã˜ã‚ƒãªã„,ã—ã‚…ã†ã¨,539871,2021-12-21T10:20:27Z,https://www.youtube.com/watch?v=iuGmwbzltJk
æ²–ç¸„å¼VSæ¨™æº–èªæ¯”ã¹ã¦ã¿ãŸ!!ã€æ²–ç¸„ã‚ã‚‹ã‚ã‚‹ã€‘,Youä¸­éƒ¨Okinawa,148937,2022-03-06T11:00:37Z,https://www.youtube.com/watch?v=xWpnSLRMRfo
ã€çˆ†ç¬‘ã€‘æ—¥æœ¬å¤§å¥½ãå¤–å›½äººãŒã€Œæ²–ç¸„ã®è‹±ä¼šè©±ã‚³ãƒ³ãƒˆã€ã‚’è¦‹ã¦ã¿ãŸï¼ï¼ˆæµ·å¤–ã®åå¿œï¼‰|æ—¥è‹±å­—å¹•,ãƒ©ãƒ³ã‚«ãƒ«è‹±ä¼šè©± ( LanCul ),132948,2023-05-26T10:00:04Z,https://www.youtube.com/watch?v=5oUg7l1w9QM
Yashiga ãƒ¤ã‚·ã‚¬ (original song in uchinaaguchi/Okinawan language ã‚¦ãƒãƒŠãƒ¼ã‚°ãƒã§ã®åŸæ›²; subtitles in description),Muy Sugoi,572,2018-09-21T10:04:15Z,https://www.youtube.com/watch?v=JxRgQVOTy34
Let&#39;s speak uchinaaguchi! - Chaa ganjuu yamiseemi?,Let's speak Uchinaaguchi!,1175,2021-05-13T07:42:52Z,https://www.youtube.com/watch?v=6A48XIZn-Q0
Let&#39;s speak uchinaaguchi! - Wannee _____ yaibiin.,Let's speak Uchinaaguchi!,201,2023-01-02T10:00:31Z,https://www.youtube.com/watch?v=ufIPgNJPsJk
5 phrases in Okinawan you should know! Learn Uchina-guchi with me! ğŸŒºğŸŒŠ,Toria Shimoji ,355,2023-09-08T09:21:38Z,https://www.youtube.com/watch?v=Zh6n36K94iM
Let&#39;s sing Uchinaaguchi! volume 5,Let's Sing Uchinaaguchi,6684,2019-05-03T03:03:41Z,https://www.youtube.com/watch?v=Zf26WzazAfw
Let&#39;s speak uchinaaguchi! - Kwatchii sabira,Let's speak Uchinaaguchi!,458,2021-05-27T07:48:16Z,https://www.youtube.com/watch?v=KfNfSMI7Uvk
Let&#39;s sing Uchinaaguchi!,Katsumi G,857,2011-12-14T19:01:37Z,https://www.youtube.com/watch?v=uS2oAKdskA4
Let&#39;s speak Uchinaaguchi! - Hitcharu hii nu kajan neeran (proverb),Let's speak Uchinaaguchi!,314,2022-07-11T12:10:20Z,https://www.youtube.com/watch?v=5-yivI8x1e8
Let&#39;s speak Uchinaaguchi! - Deeji natoon!,Let's speak Uchinaaguchi!,266,2022-07-03T14:33:38Z,https://www.youtube.com/watch?v=RSPDz9cc1mk
â€œGuruguruâ€ original song in uchinaaguchi (Okinawan language) and Spanish,Muy Sugoi,86,2020-09-13T02:33:42Z,https://www.youtube.com/watch?v=UZMndItzGAQ
Uchinaaguchi 7 Professor F  Byron,Carlos Kyo Hana,283,2022-09-04T00:12:09Z,https://www.youtube.com/watch?v=0DW_4plXaCQ
Let&#39;s sing Uchinaaguchi! - live at the Hawaii Okinawan Festival 2017,Let's Sing Uchinaaguchi,1243,2017-09-23T01:40:09Z,https://www.youtube.com/watch?v=6jxdyZ4c4p4
uchinaaguchi,nobuharu kinjo,233,2013-10-14T23:45:01Z,https://www.youtube.com/watch?v=AKPCfNasI6E
Let&#39;s speak Uchinaaguchi! - Tui nu kusu nin chutin dukuroo an (proverb),Let's speak Uchinaaguchi!,139,2022-12-26T17:04:10Z,https://www.youtube.com/watch?v=UVM157cKVyw
Uchinaaguchi - Indigenous language of Okinawa: Language Suicide or Language Murder???,Jane Austen Austen,483,2014-11-13T14:04:50Z,https://www.youtube.com/watch?v=giGwP5zueQY
Let&#39;s sing Uchinaaguchi! volume 4,Let's Sing Uchinaaguchi,9488,2016-10-07T16:21:47Z,https://www.youtube.com/watch?v=GrFF59wZfnI
Let&#39;s speak uchinaaguchi! - Chuu wuganabira,Let's speak Uchinaaguchi!,887,2021-04-29T08:52:24Z,https://www.youtube.com/watch?v=tzN5kPzEU5Y
Let&#39;s sing Uchinaaguchi! volume 3,Let's Sing Uchinaaguchi,12946,2014-10-24T11:47:45Z,https://www.youtube.com/watch?v=8ldWMtSTwr4
Uchinaaguchi 1 Higa hanayo,Carlos Kyo Hana,17,2022-09-03T13:13:38Z,https://www.youtube.com/watch?v=0Aes-UTt438
Uchinaaguchi,MamaDirtNap,74,2020-04-21T18:10:38Z,https://www.youtube.com/watch?v=4Jc9N3sYjgo
Uchinaaguchi,MamaDirtNap,38,2020-04-21T18:02:41Z,https://www.youtube.com/watch?v=PfftdOxPpuU
Uchinaguchi Study Group (#5) - Special Topics - Uchinaaguchi Resources  (Okinawan Language æ²–ç¸„èª),Uchinaguchi Study Group  (Okinawan language),1189,2021-05-07T10:15:00Z,https://www.youtube.com/watch?v=1I04QPF3hVk
Let&#39;s speak uchinaaguchi! - Unigee sabira &amp; nifee deebiru (please &amp; thank you),Let's speak Uchinaaguchi!,541,2021-07-02T01:02:03Z,https://www.youtube.com/watch?v=_JUXuRVGT5E
Uchinaaguchi Vending Machine,Travis Seifman,280,2013-08-19T18:28:55Z,https://www.youtube.com/watch?v=43zrCnocUp4
Let&#39;s learn about Uchina Guchi (Okinawan Language) Vol.2,OkinaWanderer,394,2021-01-28T06:39:18Z,https://www.youtube.com/watch?v=CwEx5NnoHy0
Uchinaaguchi Okinawaca 1,Turkbodn Langue Run ãƒˆãƒ«ã‚³è¨€èªãƒ©ãƒ³,128,2023-07-01T06:02:07Z,https://www.youtube.com/watch?v=UKH_wXuBsj0
Let&#39;s speak uchinaaguchi! - Kwatchii sabitan...maasatii?,Let's speak Uchinaaguchi!,303,2021-06-03T20:29:54Z,https://www.youtube.com/watch?v=SHivKEqrgbA
Uchinaaguchi final,Aldis & Oligerudo,58,2018-12-07T14:42:12Z,https://www.youtube.com/watch?v=6aCwd9RZzWE
Uchinaaguchi Presentation,Sierra Esmond,33,2024-12-13T00:26:00Z,https://www.youtube.com/watch?v=S-BodeXDuJY
Let&#39;s sing uchinaaguchi.m4v (Final Version),Katsumi G,1427,2011-12-19T18:09:43Z,https://www.youtube.com/watch?v=4TABXT_3pjE
Let&#39;s speak Uchinaaguchi! - Miji aratee numaran (proverb),Let's speak Uchinaaguchi!,303,2022-05-08T02:31:26Z,https://www.youtube.com/watch?v=KvABuMa0uv4
"How to ask politely, â€œWhere did you come from?â€ and â€œHow did you get here?â€ #uchinaaguchi",Let's speak Uchinaaguchi!,22,2024-08-01T16:57:31Z,https://www.youtube.com/watch?v=YmILH0vPfAc
Uchinaguchi Study Group (#4) - Special Topics - Uchinaaguchi Alphabetsã€€ã€€ï¼ˆOkinawan Language æ²–ç¸„èªï¼‰,Uchinaguchi Study Group  (Okinawan language),2355,2021-04-30T10:15:03Z,https://www.youtube.com/watch?v=V5Q1q6NFk4g
Let&#39;s speak Uchinaaguchi! - Kii chichichaa,Let's speak Uchinaaguchi!,187,2022-04-30T08:50:36Z,https://www.youtube.com/watch?v=YT1bwBtDlCM
Uchinaaguchi - Indigenous language of Okinawa: Jack Musick at UH Hilo Student Research Conference,Big Island Kobudo,1214,2014-05-14T07:20:31Z,https://www.youtube.com/watch?v=0WvJa82_fiM
Uki Uki Chat! - Okinawan Language,JapanSocietyNYC,81508,2015-09-16T15:23:48Z,https://www.youtube.com/watch?v=E0FXZ9No1D0
What do I do? â€” in Uchinaaguchi (Chaa suga yoo),Brandon Ing,74,2024-03-04T07:00:48Z,https://www.youtube.com/watch?v=apOBenSgBys
Okinawa / Uchina Guchi / Kudeken Yutaka /  ä¹…æ‰‹å …è±Šï¼ˆï¼‘ï¼‰,Eee Okinawa,802,2021-09-29T11:56:57Z,https://www.youtube.com/watch?v=-O6umWUHZkU
Let&#39;s speak Uchinaaguchi - Taa ga hitchaga?,Let's speak Uchinaaguchi!,382,2022-04-16T10:06:30Z,https://www.youtube.com/watch?v=6RZY14LxEeQ
[KARAOKE] Let&#39;s sing Uchinaaguchi! Lesson 2,Let's Sing Uchinaaguchi,3223,2012-03-30T06:35:17Z,https://www.youtube.com/watch?v=x_UKFfccTqY
Let&#39;s speak Uchinaaguchi! - Chimu saani kaagi kooin (proverb),Let's speak Uchinaaguchi!,217,2022-06-05T16:39:58Z,https://www.youtube.com/watch?v=wMvRus_2P3Q
Uchinaguchi Study Group (#13) - Vocabulary - Verbs (#1)  (Okinawan Language æ²–ç¸„èª),Uchinaguchi Study Group  (Okinawan language),720,2021-07-02T10:15:01Z,https://www.youtube.com/watch?v=Hf2tFHLMYZU
Uchinaguchi Study Group (#50) -  Vocabulary - Animals and creatures (Okinawan Language æ²–ç¸„èª),Uchinaguchi Study Group  (Okinawan language),517,2022-05-06T10:15:00Z,https://www.youtube.com/watch?v=2Xoma8G7ktw
Uchinaguchi Study Group (#40) - Grammar - Possessive Particle &quot;Nu&quot; (ã¬)   (Okinawan Language æ²–ç¸„èª),Uchinaguchi Study Group  (Okinawan language),255,2022-01-28T10:15:00Z,https://www.youtube.com/watch?v=CzTDkb2jZnA
Uchinaguchi Study Group (#15) - Vocabulary - Nouns - Pronouns  (Okinawan Language æ²–ç¸„èª),Uchinaguchi Study Group  (Okinawan language),293,2021-07-16T10:15:02Z,https://www.youtube.com/watch?v=V16B3ZSTxQQ
"Uchinaguchi Study Group (#25) - Grammar - Subject Particle ãŒ, ã¬    (Okinawan Language æ²–ç¸„èª)",Uchinaguchi Study Group  (Okinawan language),334,2021-10-01T10:15:00Z,https://www.youtube.com/watch?v=G9N_nw9VDz4
Uchinaguchi Study Group (#43) - Grammar - Sentence Particle &quot;kara&quot; (ã‹ã‚‰)   (Okinawan Language æ²–ç¸„èª),Uchinaguchi Study Group  (Okinawan language),247,2022-02-18T10:15:05Z,https://www.youtube.com/watch?v=knMRhAZudEw
Uchinaguchi Study Group (#17) - Situational - Self Introduction (#1)    (Okinawan Language æ²–ç¸„èª),Uchinaguchi Study Group  (Okinawan language),941,2021-08-06T10:15:00Z,https://www.youtube.com/watch?v=3n4q4dcExXk
Uchinaguchi Study Group (#44) - Grammar - Sentence Particle &quot;madi&quot;  (Okinawan Language æ²–ç¸„èª),Uchinaguchi Study Group  (Okinawan language),224,2022-02-25T10:15:01Z,https://www.youtube.com/watch?v=mTAzRxrzqd0
Uchinaguchi Study Group (#21) - Special Topics - Counting (#1)    (Okinawan Language æ²–ç¸„èª),Uchinaguchi Study Group  (Okinawan language),626,2021-09-03T10:15:01Z,https://www.youtube.com/watch?v=g1vrPft5iOQ
Uchinaguchi Study Group (#14) - Vocabulary - Adjectives (#1)  (Okinawan Language æ²–ç¸„èª),Uchinaguchi Study Group  (Okinawan language),392,2021-07-09T10:00:01Z,https://www.youtube.com/watch?v=15-XQo08QAQ
Uchinaguchi Study Group (#20) - Vocabulary - Nouns - Occupations    (Okinawan Language æ²–ç¸„èª),Uchinaguchi Study Group  (Okinawan language),269,2021-08-27T10:15:02Z,https://www.youtube.com/watch?v=fcGnCVEUqnU
Uchinaguchi Study Group (#11) - Grammar - Particles - Question Marker   (Okinawan Language æ²–ç¸„èª),Uchinaguchi Study Group  (Okinawan language),459,2021-06-18T10:15:00Z,https://www.youtube.com/watch?v=IUshiBi4plA
Uchinaguchi Study Group (#9) - Grammar - Particles - Topic Marker &quot;Ya&quot; ã‚„  (Okinawan Language æ²–ç¸„èª),Uchinaguchi Study Group  (Okinawan language),782,2021-06-04T10:15:01Z,https://www.youtube.com/watch?v=Heq1wOC7iE0
Uchinaguchi Study Group (#45) - Grammar - Sentence Particles &quot;wuti&quot; &amp; &quot;nji&quot;  (Okinawan Language æ²–ç¸„èª),Uchinaguchi Study Group  (Okinawan language),249,2022-03-04T10:15:00Z,https://www.youtube.com/watch?v=7nJq_T2eMco
Uchinaguchi Study Group (#10) - Vocabulary - Nouns - Vegetables and Fruits  (Okinawan Language æ²–ç¸„èª),Uchinaguchi Study Group  (Okinawan language),668,2021-06-11T10:15:01Z,https://www.youtube.com/watch?v=N62MRcFQS4o
Uchinaguchi Study Group (#35) - Special Topics - Geography Ryukyus Part 1 (Okinawan Language æ²–ç¸„èª),Uchinaguchi Study Group  (Okinawan language),396,2021-12-17T10:00:00Z,https://www.youtube.com/watch?v=aEyWF_gvn90
Uchinaguchi Study Group (#30) -  Grammar - Verb fundamentals   (Okinawan Language æ²–ç¸„èª),Uchinaguchi Study Group  (Okinawan language),582,2021-11-12T10:15:02Z,https://www.youtube.com/watch?v=YqKczC5DDfU
Uchinaguchi Study Group (#12) - Grammar - Question Word - Nuu (What)  (Okinawan Language æ²–ç¸„èª),Uchinaguchi Study Group  (Okinawan language),514,2021-06-25T10:15:02Z,https://www.youtube.com/watch?v=q7OazoEBYao
Uchinaguchi Study Group (#22) - Special Topics - Counting (#2)    (Okinawan Language æ²–ç¸„èª),Uchinaguchi Study Group  (Okinawan language),431,2021-09-10T10:15:00Z,https://www.youtube.com/watch?v=3ngtd11o2JU
Uchinaguchi Study Group (#49) -   Grammar - Quotative Particle &quot;ndi&quot; (Okinawan Language æ²–ç¸„èª),Uchinaguchi Study Group  (Okinawan language),358,2022-04-01T10:15:01Z,https://www.youtube.com/watch?v=idbCmKnY9AQ
Uchinaguchi Study Group (#6) - Special Topics - Channel Standards  (Okinawan Language æ²–ç¸„èª),Uchinaguchi Study Group  (Okinawan language),484,2021-05-14T10:15:02Z,https://www.youtube.com/watch?v=z7bbtLJ_hCY
Uchinaguchi Study Group (#16) - Vocabulary - Nouns - Family  (Okinawan Language æ²–ç¸„èª),Uchinaguchi Study Group  (Okinawan language),704,2021-07-23T10:21:31Z,https://www.youtube.com/watch?v=ungHm_gsWvA
Uchinaguchi Study Group (#24) - Vocabulary - Adjectives (#2)    (Okinawan Language æ²–ç¸„èª),Uchinaguchi Study Group  (Okinawan language),230,2021-09-24T10:15:00Z,https://www.youtube.com/watch?v=WU4GKzO9CA4
Uchinaguchi Study Group (#29) - Grammar - Question Word &quot;Taa&quot; (Who)   (Okinawan Language æ²–ç¸„èª),Uchinaguchi Study Group  (Okinawan language),290,2021-11-05T10:15:02Z,https://www.youtube.com/watch?v=geGB8G8-dHQ
Uchinaguchi Study Group (#27) - Grammar - Sentence Particle &quot;nkai&quot;  (Okinawan Language æ²–ç¸„èª),Uchinaguchi Study Group  (Okinawan language),257,2021-10-15T10:15:00Z,https://www.youtube.com/watch?v=-Vjz8ExrRZM
Uchinaguchi Study Group (#47) - Grammar - Question Word - Maa (Where)   (Okinawan Language æ²–ç¸„èª),Uchinaguchi Study Group  (Okinawan language),331,2022-03-18T10:15:00Z,https://www.youtube.com/watch?v=61Rns9dLRrI
Uchinaguchi Study Group (#33) - Special Topics - Okinawan Surnames   (Okinawan Language æ²–ç¸„èª),Uchinaguchi Study Group  (Okinawan language),2633,2021-12-03T10:15:01Z,https://www.youtube.com/watch?v=r5dzd3RYUbE
Uchinaguchi Study Group (#23) - Vocabulary - Verbs (#2)    (Okinawan Language æ²–ç¸„èª),Uchinaguchi Study Group  (Okinawan language),298,2021-09-17T10:15:02Z,https://www.youtube.com/watch?v=poVV32Z7vjU
Uchinaguchi Study Group (#34) - Vocabulary - Body related  (Okinawan Language æ²–ç¸„èª),Uchinaguchi Study Group  (Okinawan language),294,2021-12-10T10:00:05Z,https://www.youtube.com/watch?v=BS0s6wMpVJM
Uchinaguchi Study Group (#36) - Special Topics - Geography of Ryukyus Part 2 (Okinawan Language æ²–ç¸„èª),Uchinaguchi Study Group  (Okinawan language),314,2021-12-24T10:15:03Z,https://www.youtube.com/watch?v=lt-0clKCVCk
Uchinaguchi Study Group (#42) -  Grammar - Sentence Particle &quot;yaka&quot; (Okinawan Language æ²–ç¸„èª),Uchinaguchi Study Group  (Okinawan language),240,2022-02-11T10:15:01Z,https://www.youtube.com/watch?v=nrMiTv2KE4g
Uchinaguchi Study Group (#39) - Grammar - Connecting particle &quot;tu&quot;   (Okinawan Language æ²–ç¸„èª),Uchinaguchi Study Group  (Okinawan language),198,2022-01-21T10:15:00Z,https://www.youtube.com/watch?v=_g0PJQv3xYg
Uchinaguchi Study Group (#51) - Verb Conjugation - Past Casual   (Okinawan Language æ²–ç¸„èª),Uchinaguchi Study Group  (Okinawan language),686,2022-06-04T00:27:56Z,https://www.youtube.com/watch?v=gVdfhjB1JDg
Uchinaguchi Study Group (#32) - Verb Conjugation - Present Polite Form  (Okinawan Language æ²–ç¸„èª),Uchinaguchi Study Group  (Okinawan language),290,2021-11-26T10:15:01Z,https://www.youtube.com/watch?v=RSyQgkU4Uh8
Uchinaguchi Study Group (#31) - Vocabulary - Time Related  (Okinawan Language æ²–ç¸„èª),Uchinaguchi Study Group  (Okinawan language),202,2021-11-19T10:15:03Z,https://www.youtube.com/watch?v=fKIdh4fANq0
Uchinaguchi Study Group (#46) - Grammar - Sentence Particle &quot;Yatin&quot; ã‚„ã¦ãƒã‚“  (Okinawan Language æ²–ç¸„èª),Uchinaguchi Study Group  (Okinawan language),235,2022-03-11T10:15:03Z,https://www.youtube.com/watch?v=v3mIgJzoM4I
Uchinaguchi Study Group (#19) - Special Topics - Asian Zodiac    (Okinawan Language æ²–ç¸„èª),Uchinaguchi Study Group  (Okinawan language),392,2021-08-20T10:15:02Z,https://www.youtube.com/watch?v=_0FGomAqHcE
Uchinaguchi Study Group (#48) - Special Topics - Review  (Okinawan Language æ²–ç¸„èª),Uchinaguchi Study Group  (Okinawan language),377,2022-03-25T10:15:00Z,https://www.youtube.com/watch?v=OLAPmLszp40
Uchinaguchi Study Group (#41) - Grammar - Sentence Particle &quot;n&quot; (ã‚“)   (Okinawan Language æ²–ç¸„èª),Uchinaguchi Study Group  (Okinawan language),212,2022-02-04T10:15:00Z,https://www.youtube.com/watch?v=2NdyoG_WzW0
Uchinaguchi Study Group (#37) -  Situational - New Years Greetings (Okinawan Language æ²–ç¸„èª),Uchinaguchi Study Group  (Okinawan language),470,2022-01-07T10:15:03Z,https://www.youtube.com/watch?v=lNjWxi9oX-Q
Uchinaguchi Study Group (#38) - Grammar - Adjective Conjugation - Negative    (Okinawan Languageæ²–ç¸„èª),Uchinaguchi Study Group  (Okinawan language),244,2022-01-14T10:15:00Z,https://www.youtube.com/watch?v=IGKTiMOc_uo
Uchinaguchi Study Group (#28) - Grammar - Object Marker  (Okinawan Language æ²–ç¸„èª),Uchinaguchi Study Group  (Okinawan language),180,2021-10-22T10:15:01Z,https://www.youtube.com/watch?v=IS_kDHW1Ir8
Uchinaguchi Study Group (#18) - Situational - Self-Introduction (#2)    (Okinawan Language æ²–ç¸„èª),Uchinaguchi Study Group  (Okinawan language),478,2021-08-13T10:15:00Z,https://www.youtube.com/watch?v=EV37aEjwj6E
Uchinaguchi Study Group (#7) - Situational - Common Phrases (#1)    (Okinawan Language æ²–ç¸„èª),Uchinaguchi Study Group  (Okinawan language),2028,2021-05-21T10:15:05Z,https://www.youtube.com/watch?v=ekk9jzi6Clk
"Uchinaguchi Study Group (#2) - Special Topics - Ryukyu, Uchinaa, Okinawa  (Okinawan Language æ²–ç¸„èªï¼‰",Uchinaguchi Study Group  (Okinawan language),1645,2021-04-16T10:15:00Z,https://www.youtube.com/watch?v=4uwMiiw84jU
Learn Japanese and enjoy the beauty of Okinawa| International Center for Language and Culture (ICLC),Go! Go! Nihon Live & Study in Japan,4242,2023-06-26T07:10:13Z,https://www.youtube.com/watch?v=OJ4jiqfVdjI
Learning Okinawan Language Vol.5,OkinaWanderer,131,2022-03-22T01:30:00Z,https://www.youtube.com/watch?v=0YETBcdBNj8
Let&#39;s learning Uchinaguchi (Okinawan Language) Vol.3!!,OkinaWanderer,321,2021-04-24T03:53:52Z,https://www.youtube.com/watch?v=-X4fHjQac4w
Let&#39;s learn Uchina Guchi (Okinawan language) Vol.1,OkinaWanderer,3929,2020-12-06T08:16:01Z,https://www.youtube.com/watch?v=btKUBX_FOSM
Hello in Okinawan,Learning Specialist,148,2022-05-03T16:01:17Z,https://www.youtube.com/watch?v=nMrpVGMwaME
Special Edition: Speaking with an Okinawan! - Learning Japanese Week 1,Bernadette Plazola,1348,2014-12-05T07:40:43Z,https://www.youtube.com/watch?v=UdFtnzT9t2E
A Karate Guide For Okinawa Travellers,Jesse Enkamp,84774,2021-01-23T11:05:22Z,https://www.youtube.com/watch?v=JX7qq8ZLuU8
Okinawa Cuisine  History &amp; Flavors #okinawa #cuisine #flavors #food #english,Cook Cookie,86,2024-04-29T09:00:08Z,https://www.youtube.com/watch?v=Da9WqHOsihs
Discover the Okinawan Secret to Weight Loss_ The Harahachi Buu Method,Dailyinspire,5311,2024-02-05T03:42:06Z,https://www.youtube.com/watch?v=jXKONEuXVyo
Let&#39;s learning Uchinaguchi (Okinawan Language) Vol.4!!,OkinaWanderer,131,2021-11-30T01:30:00Z,https://www.youtube.com/watch?v=3KPDS-9zd5s
Learning ã‚¦ãƒãƒŠãƒ¼ã‚¯ã‚™ãƒ (Okinawa Dialect)!!,Chicken & Rice,13733,2019-11-24T11:12:44Z,https://www.youtube.com/watch?v=BrijT9U1ivg
